secs,km,power_w,hr_bpm,alt_m,gradient_pct,phase
0,0.0,0,97,374.2,-3.64,descent
1,0.0055,2,97,374.2,-3.68,descent
2,0.01134,2,97,374.2,-3.64,descent
3,0.01789,2,98,374.0,-3.69,descent
4,0.02465,63,98,374.0,-3.65,descent
5,0.03162,45,99,373.8,-3.69,descent
6,0.03877,45,100,373.6,-3.66,descent
7,0.04594,0,101,373.6,-3.7,descent
8,0.05331,0,101,373.4,-3.67,descent
9,0.06112,0,101,372.8,-3.63,descent
10,0.06918,0,100,372.6,-3.61,descent
11,0.07769,88,100,372.4,-3.52,descent
12,0.08554,0,100,372.2,-3.57,descent
13,0.09226,0,101,372.0,-3.49,descent
14,0.09839,0,100,371.8,-3.53,descent
15,0.10493,0,100,371.0,-3.5,descent
16,0.11182,2,99,370.6,-3.52,descent
17,0.11903,25,99,370.4,-3.48,descent
18,0.12648,74,99,370.2,-3.44,descent
19,0.13426,97,100,369.8,-3.56,descent
20,0.14224,91,100,369.6,-3.58,descent
21,0.15026,78,101,369.2,-3.7,descent
22,0.15842,70,102,368.6,-3.71,descent
23,0.16677,57,103,368.4,-3.86,descent
24,0.17515,0,103,368.0,-3.91,descent
25,0.18376,0,103,367.8,-4.01,descent
26,0.19245,0,103,367.2,-3.98,descent
27,0.20086,0,102,367.0,-4.08,descent
28,0.20898,0,102,366.6,-4.1,descent
29,0.21712,0,101,366.2,-4.2,descent
30,0.22529,0,99,366.0,-4.38,descent
31,0.23345,0,99,365.6,-4.41,descent
32,0.24143,0,98,365.4,-4.61,descent
33,0.24944,38,98,365.0,-4.6,descent
34,0.25758,77,99,364.8,-4.84,descent
35,0.26548,98,99,364.4,-4.83,descent
36,0.27345,4,99,364.2,-4.93,descent
37,0.28128,94,99,363.8,-5.0,descent
38,0.28914,3,98,363.6,-5.2,descent
39,0.29714,3,98,363.4,-5.16,descent
40,0.30488,0,98,363.2,-5.32,descent
41,0.31206,0,97,363.2,-5.37,descent
42,0.31891,0,96,362.8,-5.58,descent
43,0.32623,20,95,362.8,-5.72,descent
44,0.33404,0,93,362.4,-5.78,descent
45,0.34274,0,92,362.2,-5.84,descent
46,0.35196,0,91,361.8,-5.88,descent
47,0.36158,0,91,361.6,-6.15,descent
48,0.37164,0,91,361.4,-6.23,descent
49,0.38183,0,91,360.6,-6.41,descent
50,0.39136,0,91,360.2,-6.48,descent
51,0.40044,0,92,359.4,-6.59,descent
52,0.40985,0,92,359.0,-6.59,descent
53,0.41953,0,92,358.0,-6.78,descent
54,0.42954,0,92,357.4,-6.86,descent
55,0.43888,0,92,356.6,-6.92,descent
56,0.4476,0,92,356.4,-6.97,descent
57,0.45594,0,90,355.6,-7.07,descent
58,0.4636,0,90,355.2,-7.23,descent
59,0.47121,0,89,354.4,-7.23,descent
60,0.47936,0,87,353.2,-7.39,descent
61,0.48669,0,87,353.0,-7.35,descent
62,0.49314,0,87,352.0,-7.52,descent
63,0.5001,4,87,351.8,-7.54,descent
64,0.50774,29,87,350.6,-7.63,descent
65,0.51622,64,87,350.4,-7.62,descent
66,0.52515,0,88,349.6,-7.66,descent
67,0.53374,0,88,349.2,-7.85,descent
68,0.54203,0,88,348.0,-7.87,descent
69,0.54969,0,88,347.6,-8.05,descent
70,0.55769,0,87,346.6,-8.09,descent
71,0.5655,0,87,346.2,-8.36,descent
72,0.57318,0,86,345.0,-8.4,descent
73,0.58177,0,85,344.0,-8.59,descent
74,0.59006,0,85,343.4,-8.65,descent
75,0.59788,0,86,342.2,-8.79,descent
76,0.6053,0,86,341.6,-8.83,descent
77,0.61299,0,85,340.0,-9.03,descent
78,0.62122,0,84,339.4,-9.09,descent
79,0.63015,0,84,338.0,-8.99,descent
80,0.63918,0,83,337.4,-9.04,descent
81,0.64762,0,83,336.4,-8.89,descent
82,0.65602,0,82,335.8,-8.94,descent
83,0.66497,0,82,334.6,-8.84,descent
84,0.67348,0,83,333.8,-8.82,descent
85,0.68122,0,83,333.4,-8.72,descent
86,0.68856,0,82,332.6,-8.72,descent
87,0.69625,0,82,332.0,-8.59,descent
88,0.70438,0,82,330.8,-8.56,descent
89,0.71238,0,83,330.4,-8.41,descent
90,0.72036,0,83,329.4,-8.24,descent
91,0.72897,0,83,329.2,-8.25,descent
92,0.7386,0,84,328.0,-8.18,descent
93,0.74829,0,84,327.4,-8.3,descent
94,0.75841,0,84,326.6,-8.14,descent
95,0.76914,0,84,326.0,-8.35,descent
96,0.77997,0,83,325.4,-8.31,descent
97,0.79098,0,82,323.8,-8.44,descent
98,0.80255,0,82,323.2,-8.38,descent
99,0.81366,0,83,321.8,-8.51,descent
100,0.82396,0,83,321.2,-8.45,descent
101,0.8335,0,84,319.6,-8.54,descent
102,0.84295,0,84,318.8,-8.4,descent
103,0.85232,0,85,317.6,-8.34,descent
104,0.86151,13,85,316.8,-8.32,descent
105,0.87052,69,86,315.8,-8.17,descent
106,0.87947,42,87,315.2,-8.12,descent
107,0.88852,66,89,314.0,-7.83,descent
108,0.89757,118,89,313.6,-7.79,descent
109,0.90664,69,90,313.4,-7.56,descent
110,0.91557,34,91,312.8,-7.44,descent
111,0.92447,44,90,312.8,-7.27,descent
112,0.93348,26,90,312.2,-7.18,descent
113,0.9421,0,89,311.8,-6.97,descent
114,0.95085,0,88,311.4,-6.87,descent
115,0.95936,0,88,311.2,-6.81,descent
116,0.96827,0,88,311.0,-6.61,descent
117,0.97773,0,89,310.8,-6.49,descent
118,0.98709,0,88,310.4,-6.3,descent
119,0.99656,0,88,310.2,-6.23,descent
120,1.00598,0,88,309.8,-6.03,descent
121,1.01517,0,87,309.4,-6.0,descent
122,1.02394,0,88,308.6,-5.82,descent
123,1.03237,0,87,307.6,-5.72,descent
124,1.04068,0,87,307.2,-5.58,descent
125,1.0482,0,86,306.0,-5.53,descent
126,1.05439,0,86,305.6,-5.44,descent
127,1.05985,0,86,304.8,-5.21,descent
128,1.06464,0,86,304.2,-5.16,descent
129,1.06929,0,84,303.4,-4.97,descent
130,1.07397,0,84,303.0,-4.9,descent
131,1.07831,1,84,302.4,-4.64,descent
132,1.08279,8,84,302.2,-4.46,descent
133,1.08747,8,85,301.8,-4.33,descent
134,1.0924,64,85,301.6,-4.19,descent
135,1.09747,169,85,301.4,-4.05,descent
136,1.10289,169,86,301.2,-4.0,descent
137,1.10844,125,87,301.2,-3.77,descent
138,1.11399,125,87,301.0,-3.76,descent
139,1.11968,102,88,301.0,-3.8,descent
140,1.12559,227,90,301.2,-3.83,descent
141,1.1317,146,92,301.2,-3.9,descent
142,1.13793,126,93,301.2,-3.88,descent
143,1.1443,98,94,301.2,-3.87,descent
144,1.15076,80,96,301.0,-3.94,descent
145,1.15731,64,97,301.0,-3.96,descent
146,1.1639,52,98,301.2,-4.07,descent
147,1.17059,24,98,301.2,-4.06,descent
148,1.1774,24,99,301.0,-4.1,descent
149,1.18431,62,100,301.0,-4.13,descent
150,1.1914,78,100,301.0,-4.12,descent
151,1.19859,73,100,301.0,-4.07,descent
152,1.20584,0,100,300.8,-3.93,descent
153,1.21314,0,100,300.8,-3.74,descent
154,1.22055,0,101,300.8,-3.69,descent
155,1.22837,28,100,300.6,-3.42,descent
156,1.23627,16,101,300.6,-3.35,descent
157,1.24427,16,101,300.2,-3.16,descent
158,1.2524,18,101,300.0,-3.01,descent
159,1.2607,9,101,299.6,-2.82,flat
160,1.26911,13,102,299.4,-2.72,flat
161,1.27783,10,102,299.0,-2.58,flat
162,1.28681,2,103,299.0,-2.52,flat
163,1.29606,3,103,298.4,-2.42,flat
164,1.30534,3,102,298.2,-2.37,flat
165,1.31468,1,101,297.8,-2.27,flat
166,1.32408,1,99,297.4,-2.22,flat
167,1.33381,0,98,297.2,-2.17,flat
168,1.34394,0,97,296.8,-2.12,flat
169,1.35426,0,97,296.4,-2.11,flat
170,1.36489,7,97,295.6,-2.14,flat
171,1.37567,18,97,295.2,-2.13,flat
172,1.38654,5,97,294.6,-2.16,flat
173,1.39742,5,96,294.2,-2.19,flat
174,1.40821,0,96,293.4,-2.19,flat
175,1.41894,0,96,293.0,-2.18,flat
176,1.42965,0,94,292.2,-2.29,flat
177,1.44038,148,93,292.0,-2.29,flat
178,1.45104,126,92,291.4,-2.29,flat
179,1.46154,166,92,291.0,-2.29,flat
180,1.472,116,92,290.6,-2.29,flat
181,1.48237,151,94,290.4,-2.29,flat
182,1.49263,154,95,290.2,-2.25,flat
183,1.50271,175,98,290.0,-2.25,flat
184,1.51259,201,99,289.8,-2.26,flat
185,1.52229,166,100,289.8,-2.22,flat
186,1.53165,177,102,289.6,-2.23,flat
187,1.54078,175,103,289.6,-2.15,flat
188,1.54954,126,104,289.6,-2.12,flat
189,1.55807,233,106,289.6,-2.05,flat
190,1.56631,185,106,289.6,-2.02,flat
191,1.57453,159,107,289.6,-1.95,flat
192,1.58269,154,108,289.6,-1.96,flat
193,1.59104,152,109,289.6,-1.85,flat
194,1.59949,155,109,289.6,-1.82,flat
195,1.60797,154,110,289.8,-1.75,flat
196,1.61646,166,110,289.8,-1.68,flat
197,1.62493,157,111,290.0,-1.66,flat
198,1.63335,171,112,290.0,-1.59,flat
199,1.64163,196,112,290.0,-1.52,flat
200,1.64982,182,113,290.0,-1.37,flat
201,1.65802,172,113,290.0,-1.3,flat
202,1.66606,176,114,289.8,-1.15,flat
203,1.67392,193,114,289.6,-1.08,flat
204,1.68165,203,115,289.4,-0.92,flat
205,1.6893,218,115,289.4,-0.85,flat
206,1.69665,207,116,289.0,-0.64,flat
207,1.70399,152,116,289.0,-0.6,flat
208,1.71105,209,117,288.8,-0.44,flat
209,1.71805,177,117,288.8,-0.31,flat
210,1.72501,188,118,288.8,-0.18,flat
211,1.73189,188,118,288.8,-0.13,flat
212,1.73879,184,119,288.8,0.0,flat
213,1.74575,199,119,288.8,0.05,flat
214,1.75262,218,120,288.8,0.09,flat
215,1.75964,218,121,288.8,0.09,flat
216,1.7666,213,121,288.8,0.19,flat
217,1.77357,213,122,288.8,0.19,flat
218,1.78046,210,122,288.8,0.24,flat
219,1.7873,210,123,288.8,0.34,flat
220,1.79411,195,124,288.8,0.39,flat
221,1.80087,211,125,288.8,0.44,flat
222,1.80769,213,125,288.8,0.49,flat
223,1.81439,227,126,288.8,0.6,flat
224,1.82111,233,126,288.8,0.65,flat
225,1.82784,221,127,288.8,0.66,flat
226,1.83459,217,127,288.8,0.71,flat
227,1.84117,220,128,288.8,0.66,flat
228,1.84762,233,128,288.8,0.72,flat
229,1.85404,265,129,288.8,0.83,flat
230,1.86039,266,129,288.8,0.84,flat
231,1.86666,259,130,288.8,0.89,flat
232,1.87272,237,131,289.0,1.01,flat
233,1.87883,233,131,289.0,1.06,flat
234,1.88498,233,132,289.0,1.18,flat
235,1.89109,209,132,289.0,1.23,flat
236,1.89723,254,133,289.2,1.4,flat
237,1.90341,232,133,289.2,1.4,flat
238,1.90949,230,134,289.4,1.46,flat
239,1.91555,238,134,289.6,1.52,flat
240,1.92149,247,134,289.8,1.52,flat
241,1.92739,263,135,289.8,1.57,flat
242,1.93315,263,135,290.2,1.58,flat
243,1.93888,258,136,290.2,1.58,flat
244,1.94454,258,136,290.2,1.64,flat
245,1.95019,251,137,290.2,1.64,flat
246,1.95578,235,137,290.4,1.64,flat
247,1.96135,238,137,290.4,1.65,flat
248,1.96684,238,137,290.6,1.65,flat
249,1.97237,250,138,291.0,1.71,flat
250,1.97782,254,138,291.2,1.71,flat
251,1.98318,231,139,291.4,1.71,flat
252,1.98856,273,139,291.6,1.77,flat
253,1.99397,277,139,292.0,1.77,flat
254,1.99943,276,139,292.2,1.83,flat
255,2.00487,240,139,292.4,1.83,flat
256,2.01039,229,140,292.6,1.89,flat
257,2.01595,248,140,292.6,1.89,flat
258,2.02145,229,140,292.8,1.89,flat
259,2.02703,206,140,293.2,1.89,flat
260,2.03258,206,141,293.2,1.89,flat
261,2.03827,189,141,293.4,1.94,flat
262,2.04409,188,141,293.6,1.89,flat
263,2.05003,194,141,293.6,1.94,flat
264,2.05605,182,141,293.8,2.0,flat
265,2.0622,172,141,294.0,2.05,flat
266,2.06844,184,142,294.2,2.0,flat
267,2.07474,180,142,294.2,2.05,flat
268,2.08108,164,141,294.2,2.06,flat
269,2.08742,172,142,294.4,2.01,flat
270,2.09381,170,142,294.4,1.96,flat
271,2.10019,161,141,294.6,2.02,flat
272,2.10657,158,142,294.6,1.97,flat
273,2.11298,155,142,294.6,2.04,flat
274,2.11926,165,141,294.8,2.17,flat
275,2.12548,166,142,294.8,2.24,flat
276,2.13171,185,142,294.8,2.26,flat
277,2.13792,178,142,294.8,2.28,flat
278,2.14416,184,141,294.8,2.37,flat
279,2.15041,176,141,295.0,2.29,flat
280,2.15666,170,141,295.0,2.33,flat
281,2.16296,166,141,295.0,2.37,flat
282,2.16922,146,141,295.2,2.34,flat
283,2.1755,163,141,295.2,2.26,flat
284,2.18182,169,141,295.4,2.29,flat
285,2.18821,170,141,295.4,2.26,flat
286,2.19466,165,141,295.6,2.22,flat
287,2.20102,177,141,295.6,2.25,flat
288,2.20747,179,141,295.6,2.28,flat
289,2.21395,154,141,295.6,2.16,flat
290,2.22047,142,142,295.6,2.17,flat
291,2.22697,149,141,295.8,2.12,flat
292,2.23331,155,141,295.8,2.06,flat
293,2.23966,164,141,296.0,2.07,flat
294,2.24581,156,142,296.2,2.01,flat
295,2.25188,172,141,296.4,1.94,flat
296,2.25786,166,141,296.4,1.81,flat
297,2.26362,129,141,296.6,1.82,flat
298,2.26926,108,141,296.8,1.82,flat
299,2.27463,0,141,296.8,1.76,flat
300,2.27951,0,141,296.8,1.76,flat
301,2.28398,0,141,297.0,1.69,flat
302,2.288,0,140,297.2,1.69,flat
303,2.29175,0,140,297.4,1.77,flat
304,2.29497,0,139,297.8,1.69,flat
305,2.29786,0,139,298.0,1.69,flat
306,2.30038,12,138,298.2,1.69,flat
307,2.30291,0,137,298.2,1.69,flat
308,2.30439,0,137,298.6,1.69,flat
309,2.30439,0,136,298.6,1.61,flat
310,2.30439,0,136,298.8,1.61,flat
311,2.30439,0,135,299.0,1.61,flat
312,2.30439,0,134,299.0,1.53,flat
313,2.30439,0,133,299.0,1.53,flat
314,2.30493,0,133,299.2,1.46,flat
315,2.30547,0,132,299.2,1.46,flat
316,2.30719,0,132,299.2,1.38,flat
317,2.30872,19,131,299.2,1.38,flat
318,2.31093,113,131,299.4,1.38,flat
319,2.31426,113,131,299.4,1.38,flat
320,2.31797,144,130,299.4,1.46,flat
321,2.3218,144,130,299.4,1.38,flat
322,2.32603,166,130,299.4,1.46,flat
323,2.33053,166,130,299.4,1.38,flat
324,2.33509,173,130,299.4,1.38,flat
325,2.33987,170,130,299.4,1.31,flat
326,2.34481,155,130,299.2,1.31,flat
327,2.34996,140,129,299.2,1.23,flat
328,2.35528,128,129,299.2,1.23,flat
329,2.36083,102,128,299.2,1.22,flat
330,2.36655,95,127,299.2,1.29,flat
331,2.37246,85,126,299.2,1.28,flat
332,2.37843,83,126,299.2,1.2,flat
333,2.3845,93,125,299.4,1.19,flat
334,2.39074,101,125,299.4,1.03,flat
335,2.39701,127,125,299.4,0.95,flat
336,2.40348,119,125,299.4,0.87,flat
337,2.41005,140,125,299.4,0.99,flat
338,2.41667,127,125,299.4,0.91,flat
339,2.42332,117,125,299.4,0.89,flat
340,2.42993,117,125,299.4,0.87,flat
341,2.43658,131,124,299.4,0.85,flat
342,2.44322,144,124,299.4,0.89,flat
343,2.44982,142,124,299.4,0.88,flat
344,2.45638,146,124,299.4,0.86,flat
345,2.46296,175,124,299.4,0.84,flat
346,2.4695,167,124,299.4,0.83,flat
347,2.47597,189,123,299.4,0.87,flat
348,2.48244,161,123,299.4,0.81,flat
349,2.48889,170,124,299.4,0.86,flat
350,2.49529,174,123,299.6,0.85,flat
351,2.50169,172,124,299.6,0.84,flat
352,2.508,175,123,299.8,0.84,flat
353,2.51427,195,124,299.8,0.83,flat
354,2.52052,196,124,300.0,0.88,flat
355,2.52679,204,124,300.0,0.88,flat
356,2.53313,218,124,300.0,0.97,flat
357,2.5395,226,125,300.0,1.02,flat
358,2.54595,235,125,300.2,1.07,flat
359,2.55248,221,126,300.2,1.12,flat
360,2.55895,200,126,300.4,1.11,flat
361,2.56541,200,127,300.6,1.16,flat
362,2.57197,188,127,300.6,1.26,flat
363,2.57851,179,128,300.8,1.21,flat
364,2.58515,187,128,300.8,1.26,flat
365,2.59183,172,129,300.8,1.25,flat
366,2.59857,169,129,300.8,1.3,flat
367,2.60535,154,129,301.2,1.3,flat
368,2.61221,165,129,301.4,1.3,flat
369,2.61909,152,129,301.4,1.35,flat
370,2.62599,155,129,301.6,1.4,flat
371,2.63294,158,129,301.8,1.4,flat
372,2.63989,176,129,302.0,1.45,flat
373,2.64686,174,129,302.0,1.5,flat
374,2.65379,185,130,302.2,1.5,flat
375,2.66078,181,130,302.2,1.55,flat
376,2.66766,177,130,302.2,1.55,flat
377,2.67445,169,130,302.4,1.6,flat
378,2.68128,197,130,302.4,1.6,flat
379,2.68807,201,130,302.6,1.65,flat
380,2.6948,217,130,302.6,1.6,flat
381,2.70144,231,130,302.6,1.65,flat
382,2.70813,203,131,302.6,1.65,flat
383,2.71481,199,131,302.6,1.7,flat
384,2.72148,198,131,302.8,1.7,flat
385,2.72821,173,131,302.8,1.75,flat
386,2.73483,202,132,303.0,1.81,flat
387,2.74154,209,131,303.2,1.91,flat
388,2.74823,189,132,303.4,1.91,flat
389,2.75496,204,132,303.6,2.02,flat
390,2.76161,199,132,303.6,2.02,flat
391,2.76834,197,132,303.8,1.98,flat
392,2.77518,184,132,304.2,2.04,flat
393,2.78209,174,132,304.2,2.09,flat
394,2.78893,150,132,304.4,2.15,flat
395,2.79578,172,132,304.4,2.21,flat
396,2.80269,167,132,304.6,2.32,flat
397,2.80956,181,132,304.6,2.28,flat
398,2.81636,173,133,304.6,2.29,flat
399,2.82317,182,133,304.8,2.35,flat
400,2.82998,172,133,305.0,2.42,flat
401,2.83673,176,133,305.0,2.43,flat
402,2.84341,186,133,305.2,2.49,flat
403,2.85005,193,133,305.4,2.51,flat
404,2.85666,209,133,305.4,2.63,flat
405,2.8632,222,133,305.6,2.64,flat
406,2.86965,221,133,305.6,2.71,flat
407,2.87611,229,133,305.8,2.72,flat
408,2.88244,208,134,305.8,2.79,flat
409,2.88876,244,134,306.0,2.81,flat
410,2.895,245,134,306.0,2.87,flat
411,2.90117,261,135,306.2,2.94,flat
412,2.90741,236,135,306.4,3.07,climb
413,2.91364,241,135,306.6,3.14,climb
414,2.9199,259,136,306.8,3.21,climb
415,2.92573,227,136,307.0,3.29,climb
416,2.93159,249,137,307.2,3.31,climb
417,2.93739,243,137,307.6,3.33,climb
418,2.94316,225,138,307.8,3.35,climb
419,2.94876,248,138,308.2,3.42,climb
420,2.95426,247,138,308.4,3.5,climb
421,2.95956,246,138,308.4,3.58,climb
422,2.9648,248,139,308.6,3.54,climb
423,2.97009,286,139,309.0,3.62,climb
424,2.97533,286,139,309.2,3.57,climb
425,2.98058,296,139,309.4,3.71,climb
426,2.98585,289,140,309.8,3.67,climb
427,2.99106,283,140,310.0,3.87,climb
428,2.99623,277,140,310.2,3.96,climb
429,3.00136,266,141,310.4,4.04,climb
430,3.00649,267,141,310.8,4.07,climb
431,3.01162,263,141,311.0,4.22,climb
432,3.0168,272,142,311.4,4.24,climb
433,3.02195,252,142,311.4,4.32,climb
434,3.02702,257,142,312.0,4.4,climb
435,3.03204,248,142,312.0,4.42,climb
436,3.03698,270,142,312.2,4.5,climb
437,3.04189,238,142,312.4,4.52,climb
438,3.04675,249,142,312.6,4.53,climb
439,3.05166,257,142,312.8,4.61,climb
440,3.0566,249,142,313.0,4.63,climb
441,3.06152,257,142,313.2,4.58,climb
442,3.06642,244,142,313.6,4.6,climb
443,3.0713,265,142,313.8,4.61,climb
444,3.07613,256,143,314.2,4.63,climb
445,3.08094,253,143,314.4,4.65,climb
446,3.08561,250,143,314.6,4.66,climb
447,3.09028,243,143,314.8,4.54,climb
448,3.09492,243,144,315.0,4.55,climb
449,3.09956,262,144,315.4,4.49,climb
450,3.10442,283,144,315.6,4.57,climb
451,3.10937,321,145,316.0,4.57,climb
452,3.11442,310,145,316.2,4.64,climb
453,3.11954,322,145,316.4,4.51,climb
454,3.12472,303,146,316.4,4.58,climb
455,3.12979,259,146,316.8,4.58,climb
456,3.13492,253,146,316.8,4.51,climb
457,3.13996,260,147,317.4,4.51,climb
458,3.14492,252,147,317.6,4.51,climb
459,3.1498,256,147,318.0,4.43,climb
460,3.15458,259,148,318.2,4.36,climb
461,3.15935,256,148,318.6,4.28,climb
462,3.16431,265,148,318.8,4.14,climb
463,3.16941,252,148,319.2,4.19,climb
464,3.17459,236,149,319.4,3.98,climb
465,3.17985,216,149,319.6,3.97,climb
466,3.18511,212,149,319.8,3.89,climb
467,3.19034,211,149,320.0,3.88,climb
468,3.19558,216,149,320.0,3.79,climb
469,3.20081,220,149,320.4,3.71,climb
470,3.20601,237,149,320.4,3.63,climb
471,3.21116,231,149,320.4,3.55,climb
472,3.21631,231,149,320.6,3.41,climb
473,3.22138,237,149,320.8,3.33,climb
474,3.22638,234,149,321.0,3.19,climb
475,3.23136,260,149,321.2,3.12,climb
476,3.23631,280,150,321.4,3.04,climb
477,3.24135,311,149,321.4,2.96,flat
478,3.24636,271,150,321.6,2.94,flat
479,3.25135,240,150,321.8,2.87,flat
480,3.25634,236,149,322.2,2.79,flat
481,3.26138,217,150,322.2,2.72,flat
482,3.26647,211,149,322.6,2.71,flat
483,3.27154,208,149,322.6,2.64,flat
484,3.27668,214,149,323.0,2.69,flat
485,3.28189,221,150,323.2,2.63,flat
486,3.2872,227,150,323.4,2.68,flat
487,3.29258,224,149,323.6,2.55,flat
488,3.29811,173,150,323.8,2.6,flat
489,3.30377,150,149,323.8,2.53,flat
490,3.30945,136,149,324.0,2.58,flat
491,3.31519,135,149,324.0,2.51,flat
492,3.32105,130,149,324.0,2.56,flat
493,3.3271,128,149,324.2,2.49,flat
494,3.3332,117,149,324.2,2.54,flat
495,3.33924,132,149,324.2,2.48,flat
496,3.34534,141,148,324.2,2.48,flat
497,3.35156,165,148,324.4,2.42,flat
498,3.35781,182,148,324.4,2.53,flat
499,3.36407,166,148,324.4,2.47,flat
500,3.37039,166,148,324.4,2.52,flat
501,3.37662,177,148,324.4,2.58,flat
502,3.38296,184,148,324.4,2.64,flat
503,3.38922,197,148,324.4,2.58,flat
504,3.39555,198,148,324.4,2.63,flat
505,3.40183,206,147,324.4,2.57,flat
506,3.40817,207,147,324.4,2.63,flat
507,3.41452,206,147,324.4,2.62,flat
508,3.42091,190,147,324.6,2.74,flat
509,3.42729,202,147,324.8,2.73,flat
510,3.43368,207,147,324.8,2.73,flat
511,3.43995,205,147,325.0,2.73,flat
512,3.44626,194,147,325.2,2.73,flat
513,3.45249,191,146,325.2,2.78,flat
514,3.45869,207,146,325.4,2.72,flat
515,3.4649,213,146,325.6,2.78,flat
516,3.47113,227,146,325.8,2.84,flat
517,3.4774,225,146,326.0,2.9,flat
518,3.48372,220,146,326.4,2.9,flat
519,3.48999,221,146,326.6,2.96,flat
520,3.49621,220,146,327.0,2.91,flat
521,3.50234,212,146,327.2,3.02,climb
522,3.50843,218,146,327.6,3.03,climb
523,3.51447,244,146,327.8,3.09,climb
524,3.52043,256,146,328.2,3.1,climb
525,3.5263,254,146,328.2,3.16,climb
526,3.53213,265,146,328.4,3.17,climb
527,3.53787,272,147,328.4,3.12,climb
528,3.54353,272,147,328.8,3.18,climb
529,3.54919,257,147,329.0,3.25,climb
530,3.55468,260,147,329.2,3.27,climb
531,3.56006,275,147,329.4,3.34,climb
532,3.56537,261,147,329.8,3.36,climb
533,3.57058,283,148,329.8,3.55,climb
534,3.57592,273,148,330.2,3.62,climb
535,3.58127,276,148,330.2,3.75,climb
536,3.58666,279,148,330.6,3.83,climb
537,3.59203,276,148,330.6,3.9,climb
538,3.59736,274,148,331.2,3.92,climb
539,3.60271,247,148,331.4,3.87,climb
540,3.60798,258,148,331.8,4.01,climb
541,3.61324,258,148,331.8,4.02,climb
542,3.61848,261,148,332.2,4.1,climb
543,3.62376,280,148,332.4,4.17,climb
544,3.62909,281,149,332.6,4.19,climb
545,3.63433,251,149,333.0,4.2,climb
546,3.63951,251,149,333.4,4.22,climb
547,3.64472,206,149,333.8,4.29,climb
548,3.64991,188,149,334.0,4.25,climb
549,3.65513,182,149,334.2,4.26,climb
550,3.66043,202,149,334.2,4.14,climb
551,3.66583,208,150,334.6,4.15,climb
552,3.67126,205,149,334.6,4.23,climb
553,3.67671,210,149,335.0,4.17,climb
554,3.68214,222,149,335.0,4.18,climb
555,3.68753,223,149,335.2,4.19,climb
556,3.69285,224,149,335.2,4.2,climb
557,3.69809,224,149,335.2,4.28,climb
558,3.70325,231,149,335.4,4.28,climb
559,3.70824,233,149,335.6,4.23,climb
560,3.71312,236,149,335.6,4.23,climb
561,3.71793,249,149,335.8,4.24,climb
562,3.72274,281,149,335.8,4.18,climb
563,3.72767,306,149,336.4,4.24,climb
564,3.73269,317,149,336.6,4.25,climb
565,3.73773,288,150,337.0,4.32,climb
566,3.74276,285,149,337.2,4.26,climb
567,3.74779,280,150,337.4,4.34,climb
568,3.75284,266,150,337.6,4.15,climb
569,3.75793,300,150,337.6,4.15,climb
570,3.76301,268,150,338.0,4.09,climb
571,3.76808,269,150,338.2,4.15,climb
572,3.7732,267,151,338.6,4.02,climb
573,3.77831,243,151,338.8,4.03,climb
574,3.78344,246,151,339.0,4.03,climb
575,3.78855,214,151,339.2,3.96,climb
576,3.79365,221,151,339.4,3.9,climb
577,3.79879,228,150,339.8,3.84,climb
578,3.80401,230,150,340.0,3.84,climb
579,3.80936,230,150,340.2,3.84,climb
580,3.8147,215,150,340.2,3.85,climb
581,3.82005,213,149,340.4,3.79,climb
582,3.82542,219,149,341.0,3.8,climb
583,3.8307,224,149,341.0,3.75,climb
584,3.83587,233,149,341.4,3.83,climb
585,3.84103,266,148,341.4,3.85,climb
586,3.84618,270,149,341.6,3.87,climb
587,3.85132,270,149,341.8,4.02,climb
588,3.85645,264,149,342.2,3.96,climb
589,3.86152,257,149,342.2,3.96,climb
590,3.86658,254,149,342.4,4.09,climb
591,3.87161,267,149,342.6,4.15,climb
592,3.87662,248,150,342.8,4.28,climb
593,3.88162,263,150,343.0,4.14,climb
594,3.88649,260,150,343.4,4.14,climb
595,3.89136,245,151,343.6,4.01,climb
596,3.89616,267,151,343.8,4.01,climb
597,3.90096,257,151,344.0,3.95,climb
598,3.90583,258,151,344.0,3.96,climb
599,3.91086,239,152,344.2,3.96,climb
600,3.9161,252,152,344.4,3.96,climb
601,3.92133,274,152,344.6,3.89,climb
602,3.9266,233,152,344.6,3.83,climb
603,3.93181,211,152,344.8,3.83,climb
604,3.93699,209,152,345.0,3.83,climb
605,3.9421,197,153,345.2,3.83,climb
606,3.94725,207,153,345.4,3.83,climb
607,3.95235,226,153,345.6,3.7,climb
608,3.95737,225,153,345.8,3.78,climb
609,3.96239,253,153,346.0,3.79,climb
610,3.96713,234,153,346.0,3.94,climb
611,3.97182,269,153,346.2,3.96,climb
612,3.97644,269,153,346.2,3.9,climb
613,3.98092,251,153,346.4,3.92,climb
614,3.9851,193,153,346.6,3.93,climb
615,3.98887,204,153,346.8,4.01,climb
616,3.99269,213,152,346.8,4.02,climb
617,3.99689,221,153,347.2,4.04,climb
618,4.00142,216,153,347.2,4.05,climb
619,4.00624,214,152,347.4,4.13,climb
620,4.01126,209,152,347.8,4.21,climb
621,4.01644,228,153,348.2,4.23,climb
622,4.02171,182,152,348.6,4.31,climb
623,4.02699,176,152,348.8,4.39,climb
624,4.03196,174,152,349.0,4.33,climb
625,4.03689,159,152,349.0,4.42,climb
626,4.04173,180,152,349.2,4.43,climb
627,4.04644,204,152,349.2,4.44,climb
628,4.05114,239,152,349.4,4.53,climb
629,4.05599,263,152,349.4,4.62,climb
630,4.06092,254,151,349.8,4.64,climb
631,4.06595,248,151,349.8,4.73,climb
632,4.07103,241,152,350.0,4.67,climb
633,4.0761,241,151,350.2,4.77,climb
634,4.08119,234,151,350.4,4.78,climb
635,4.08616,266,151,350.6,4.87,climb
636,4.09104,225,151,350.8,4.89,climb
637,4.09572,227,151,350.8,4.98,climb
638,4.10025,214,151,351.2,5.0,climb
639,4.10465,231,151,351.4,5.09,climb
640,4.109,249,151,351.8,5.17,climb
641,4.11329,252,151,352.0,5.26,climb
642,4.1175,226,151,352.4,5.34,climb
643,4.1217,271,151,352.4,5.43,climb
644,4.12596,304,151,352.8,5.44,climb
645,4.13024,277,151,353.0,5.51,climb
646,4.13454,293,151,353.2,5.59,climb
647,4.1388,263,151,353.4,5.52,climb
648,4.14299,269,152,353.8,5.6,climb
649,4.14719,276,152,354.0,5.7,climb
650,4.1514,263,152,354.4,5.73,climb
651,4.15554,265,152,354.6,5.76,climb
652,4.15969,270,152,355.0,5.72,climb
653,4.16382,270,152,355.4,5.75,climb
654,4.16796,267,152,355.6,5.77,climb
655,4.17205,268,152,356.0,5.95,climb
656,4.17613,260,153,356.2,6.05,climb
657,4.18017,273,153,356.4,6.22,climb
658,4.18419,265,153,356.6,6.32,climb
659,4.18814,259,153,357.0,6.33,climb
660,4.19213,284,153,357.2,6.36,climb
661,4.19627,293,153,357.6,6.46,climb
662,4.20043,285,154,357.4,6.57,climb
663,4.20459,279,154,357.8,6.59,climb
664,4.2088,278,154,358.0,6.62,climb
665,4.213,276,154,358.4,6.65,climb
666,4.21718,263,154,358.6,6.68,climb
667,4.22137,270,155,359.0,6.7,climb
668,4.22557,282,155,359.2,6.72,climb
669,4.22981,272,155,359.6,6.65,climb
670,4.23401,271,155,359.8,6.75,climb
671,4.2381,254,155,360.2,6.76,climb
672,4.24221,279,155,360.4,6.77,climb
673,4.24618,242,155,360.8,6.87,climb
674,4.25001,233,155,361.0,6.88,climb
675,4.25385,215,155,361.4,6.9,climb
676,4.25767,218,155,361.6,7.01,climb
677,4.26162,234,155,361.8,7.03,climb
678,4.26557,270,155,362.0,7.05,climb
679,4.26925,316,155,362.4,7.08,climb
680,4.27302,322,155,362.8,7.18,climb
681,4.27678,298,155,363.2,7.2,climb
682,4.2806,286,155,363.4,7.22,climb
683,4.28451,284,156,363.6,7.16,climb
684,4.28842,268,156,363.8,7.35,climb
685,4.29236,245,156,364.2,7.29,climb
686,4.29635,237,156,364.6,7.48,climb
687,4.30041,238,156,365.0,7.6,climb
688,4.3045,239,156,365.4,7.71,climb
689,4.30859,213,156,365.4,7.82,climb
690,4.31267,209,156,365.8,7.85,climb
691,4.31674,207,156,366.0,7.89,climb
692,4.3208,232,157,366.4,8.01,climb
693,4.32483,219,157,366.6,8.05,climb
694,4.32878,241,157,366.8,8.18,climb
695,4.33273,294,157,367.0,8.4,climb
696,4.33666,294,157,367.2,8.44,climb
697,4.34057,296,157,367.2,8.57,climb
698,4.34447,311,157,367.6,8.61,climb
699,4.34827,287,157,367.6,8.75,climb
700,4.35204,318,157,368.2,8.8,climb
701,4.35581,295,157,368.4,8.85,climb
702,4.35962,332,157,368.8,8.81,climb
703,4.36338,315,157,369.0,8.96,climb
704,4.36711,333,158,369.4,9.01,climb
705,4.37077,309,158,369.6,9.06,climb
706,4.3743,330,158,370.0,9.2,climb
707,4.37771,258,158,370.2,9.26,climb
708,4.38114,327,158,370.6,9.41,climb
709,4.38463,336,159,370.8,9.46,climb
710,4.38812,327,159,371.4,9.41,climb
711,4.39157,335,159,371.6,9.55,climb
712,4.39499,335,159,372.0,9.6,climb
713,4.39839,345,159,372.2,9.76,climb
714,4.40184,379,159,372.8,9.91,climb
715,4.40525,356,160,373.0,9.87,climb
716,4.40864,334,160,373.6,9.83,climb
717,4.41188,320,160,374.0,9.89,climb
718,4.41511,311,160,374.4,9.85,climb
719,4.41826,322,161,375.0,10.22,climb
720,4.42142,328,161,375.2,10.18,climb
721,4.42453,291,161,375.6,10.25,climb
722,4.4276,297,161,375.6,10.42,climb
723,4.43065,310,161,376.0,10.6,climb
724,4.43374,312,162,376.4,10.78,climb
725,4.43683,326,162,377.2,10.86,climb
726,4.44001,321,162,377.4,11.15,climb
727,4.44318,312,162,378.0,11.23,climb
728,4.44631,308,162,378.2,11.3,climb
729,4.44931,284,162,378.8,11.48,climb
730,4.45224,281,162,379.0,11.54,climb
731,4.45511,267,162,379.4,11.71,climb
732,4.45783,265,162,379.4,11.66,climb
733,4.4605,268,163,380.0,11.62,climb
734,4.46313,288,162,380.2,11.69,climb
735,4.46577,283,163,380.6,11.87,climb
736,4.46846,279,162,381.0,11.93,climb
737,4.47113,283,162,381.2,11.98,climb
738,4.47378,269,163,381.6,12.03,climb
739,4.47649,286,162,382.0,12.08,climb
740,4.47923,282,162,382.2,12.03,climb
741,4.48195,269,163,382.8,12.09,climb
742,4.48471,306,162,383.0,12.27,climb
743,4.48748,291,163,383.4,12.34,climb
744,4.49023,292,163,383.8,12.16,climb
745,4.49302,320,163,384.0,12.22,climb
746,4.49582,312,163,384.2,12.28,climb
747,4.49861,320,163,384.6,12.21,climb
748,4.50144,320,163,384.8,12.25,climb
749,4.50426,323,164,385.4,12.05,climb
750,4.50712,329,164,385.6,12.33,climb
751,4.50997,314,164,385.8,12.24,climb
752,4.51274,297,164,386.4,12.51,climb
753,4.51544,295,164,386.8,12.41,climb
754,4.51806,295,165,387.2,12.43,climb
755,4.52062,287,165,387.4,12.08,climb
756,4.52319,301,165,388.0,12.09,climb
757,4.52579,299,165,388.0,12.1,climb
758,4.52847,284,165,388.4,12.1,climb
759,4.53117,277,166,388.6,11.96,climb
760,4.53397,298,165,389.2,11.94,climb
761,4.53682,277,166,389.6,11.79,climb
762,4.53966,267,165,389.8,11.75,climb
763,4.54241,255,166,389.8,11.59,climb
764,4.54507,257,166,390.2,11.55,climb
765,4.54771,258,165,390.6,11.38,climb
766,4.55036,265,166,391.0,11.11,climb
767,4.55302,261,166,391.2,11.07,climb
768,4.55574,287,166,391.6,10.91,climb
769,4.55844,254,166,391.8,10.76,climb
770,4.56109,276,165,392.2,10.72,climb
771,4.56366,260,165,392.4,10.46,climb
772,4.56616,260,166,393.0,10.43,climb
773,4.56863,281,166,393.2,10.4,climb
774,4.57118,313,166,393.4,10.14,climb
775,4.57376,289,165,393.6,10.11,climb
776,4.57636,302,166,394.2,10.08,climb
777,4.57898,309,166,394.4,9.94,climb
778,4.58162,307,166,394.8,9.92,climb
779,4.58424,283,166,395.0,9.68,climb
780,4.5869,275,166,395.6,9.67,climb
781,4.58957,269,166,395.8,9.77,climb
782,4.59233,230,166,396.2,9.53,climb
783,4.59509,222,165,396.4,9.41,climb
784,4.59787,220,165,396.8,9.28,climb
785,4.60076,222,166,397.0,9.49,climb
786,4.60372,223,166,397.2,9.25,climb
787,4.60679,201,165,397.8,9.47,climb
788,4.60995,184,166,398.0,9.58,climb
789,4.61315,183,165,398.4,9.45,climb
790,4.61637,177,165,398.6,9.45,climb
791,4.61964,185,166,398.8,9.44,climb
792,4.62288,188,165,398.8,9.55,climb
793,4.62612,169,165,399.2,9.66,climb
794,4.62939,184,165,399.4,9.53,climb
795,4.63267,178,165,399.6,9.41,climb
796,4.63592,179,165,399.6,9.5,climb
797,4.63916,189,164,399.8,9.48,climb
798,4.64241,220,164,400.0,9.58,climb
799,4.64567,220,164,400.2,9.46,climb
800,4.64894,211,164,400.4,9.55,climb
801,4.65215,228,164,400.6,9.53,climb
802,4.65539,232,164,400.8,9.5,climb
803,4.65866,241,164,401.2,9.47,climb
804,4.66191,249,163,401.2,9.67,climb
805,4.66514,258,163,401.4,9.64,climb
806,4.66836,266,163,401.6,9.51,climb
807,4.67159,285,163,401.8,9.48,climb
808,4.67477,269,163,402.0,9.46,climb
809,4.67787,280,163,402.2,9.44,climb
810,4.68093,281,163,402.4,9.31,climb
811,4.68392,287,163,402.8,9.28,climb
812,4.68688,297,163,403.0,9.37,climb
813,4.68977,310,163,403.2,9.35,climb
814,4.69267,336,163,403.4,9.34,climb
815,4.69548,314,163,404.0,9.32,climb
816,4.69826,325,163,404.2,9.41,climb
817,4.70107,318,163,404.6,9.19,climb
818,4.70389,330,163,405.2,9.18,climb
819,4.70677,346,164,405.2,9.07,climb
820,4.7097,352,164,405.8,9.18,climb
821,4.71262,332,164,406.2,9.18,climb
822,4.71551,322,164,406.6,9.29,climb
823,4.71844,316,164,406.8,9.3,climb
824,4.72133,292,164,407.0,9.3,climb
825,4.72419,303,164,407.2,9.41,climb
826,4.72715,286,164,407.8,9.53,climb
827,4.73015,300,164,408.0,9.53,climb
828,4.73312,272,164,408.6,9.54,climb
829,4.73609,299,165,408.6,9.65,climb
830,4.73905,280,165,409.2,9.77,climb
831,4.74204,284,164,409.4,9.99,climb
832,4.74503,296,165,410.0,9.89,climb
833,4.74806,283,165,410.2,10.0,climb
834,4.75119,283,165,410.8,10.12,climb
835,4.75425,274,165,411.0,10.24,climb
836,4.7573,281,165,411.4,10.24,climb
837,4.76034,277,165,411.6,10.36,climb
838,4.7634,284,165,412.0,10.37,climb
839,4.76645,284,165,412.2,10.49,climb
840,4.76953,284,165,412.6,10.49,climb
841,4.7727,270,165,412.8,10.49,climb
842,4.77585,278,165,413.4,10.6,climb
843,4.77897,260,165,413.6,10.7,climb
844,4.78211,281,165,414.0,10.69,climb
845,4.78537,275,166,414.2,10.47,climb
846,4.78859,263,165,414.6,10.46,climb
847,4.79184,246,166,414.8,10.46,climb
848,4.79508,252,166,415.0,10.24,climb
849,4.79831,235,165,415.2,10.45,climb
850,4.80156,237,166,415.6,10.34,climb
851,4.8048,223,166,415.8,10.33,climb
852,4.80798,226,166,416.0,10.21,climb
853,4.81116,248,165,416.4,10.32,climb
854,4.81438,253,166,416.6,10.31,climb
855,4.81756,241,166,417.0,10.41,climb
856,4.82067,258,165,417.2,10.18,climb
857,4.8238,264,165,417.4,10.39,climb
858,4.82692,277,166,417.6,10.38,climb
859,4.83007,262,165,418.0,10.37,climb
860,4.83323,268,165,418.4,10.36,climb
861,4.83636,279,165,419.0,10.36,climb
862,4.8395,277,165,419.0,10.26,climb
863,4.84265,273,165,419.6,10.26,climb
864,4.84573,281,165,419.8,10.15,climb
865,4.84882,270,165,420.2,10.26,climb
866,4.85187,279,165,420.4,10.15,climb
867,4.85492,271,165,420.8,10.14,climb
868,4.85794,291,165,421.0,10.13,climb
869,4.86095,287,165,421.4,10.12,climb
870,4.86395,283,165,421.6,10.01,climb
871,4.86694,286,165,422.0,10.01,climb
872,4.86993,293,165,422.4,9.9,climb
873,4.87292,321,165,422.8,9.9,climb
874,4.87595,303,165,423.0,9.79,climb
875,4.87889,279,165,423.2,9.91,climb
876,4.88176,286,165,423.4,9.92,climb
877,4.8846,304,165,423.8,9.92,climb
878,4.88748,313,165,424.0,9.93,climb
879,4.89046,346,166,424.4,9.94,climb
880,4.8935,322,165,424.8,9.96,climb
881,4.89654,311,165,425.2,9.98,climb
882,4.89956,296,166,425.4,10.11,climb
883,4.90256,303,165,425.8,10.03,climb
884,4.90562,322,166,426.0,10.28,climb
885,4.90869,301,166,426.4,10.19,climb
886,4.9118,331,166,426.6,10.32,climb
887,4.91497,283,166,427.2,10.33,climb
888,4.91812,280,166,427.8,10.46,climb
889,4.92122,274,166,427.8,10.36,climb
890,4.92429,243,166,428.4,10.37,climb
891,4.92729,246,166,428.6,10.17,climb
892,4.93027,245,166,429.0,10.4,climb
893,4.93328,269,166,429.2,10.3,climb
894,4.93637,263,165,429.6,10.31,climb
895,4.93946,268,166,430.0,10.32,climb
896,4.94254,260,166,430.2,10.44,climb
897,4.94568,277,165,430.4,10.45,climb
898,4.9489,267,166,430.8,10.45,climb
899,4.95215,272,165,431.0,10.45,climb
900,4.95538,265,166,431.2,10.44,climb
901,4.95853,245,166,431.4,10.44,climb
902,4.96167,259,166,431.8,10.32,climb
903,4.96485,278,166,432.0,10.31,climb
904,4.96801,281,166,432.2,10.3,climb
905,4.97111,284,166,432.6,10.27,climb
906,4.97415,281,166,433.0,10.24,climb
907,4.97724,277,166,433.2,10.21,climb
908,4.98038,268,166,433.4,10.18,climb
909,4.98348,244,166,433.6,10.15,climb
910,4.98637,246,166,434.0,9.91,climb
911,4.98922,250,166,434.2,10.0,climb
912,4.992,251,166,434.6,9.98,climb
913,4.99467,259,166,434.8,9.97,climb
914,4.99732,259,166,435.4,9.85,climb
915,5.00004,280,166,435.6,9.84,climb
916,5.00283,287,166,436.0,9.84,climb
917,5.00572,268,165,436.2,9.63,climb
918,5.00865,275,165,436.6,9.41,climb
919,5.01156,245,165,436.8,9.73,climb
920,5.01444,264,166,437.2,9.63,climb
921,5.01734,282,165,437.4,9.84,climb
922,5.02031,269,165,437.8,9.61,climb
923,5.02324,261,166,438.2,9.7,climb
924,5.02614,261,165,438.4,9.48,climb
925,5.02904,259,165,438.8,9.36,climb
926,5.03197,249,166,439.2,9.34,climb
927,5.0349,264,166,439.6,9.33,climb
928,5.03789,266,166,439.8,9.22,climb
929,5.04091,246,165,440.2,9.33,climb
930,5.04395,239,165,440.4,9.32,climb
931,5.04705,248,165,440.8,9.31,climb
932,5.05017,238,166,441.0,9.19,climb
933,5.0533,240,165,441.4,9.07,climb
934,5.05658,241,165,441.6,9.06,climb
935,5.05996,225,166,441.8,8.94,climb
936,5.06337,231,165,442.0,8.92,climb
937,5.0668,216,165,442.4,8.91,climb
938,5.07028,210,165,442.6,8.91,climb
939,5.07373,205,165,443.0,8.8,climb
940,5.07715,210,165,443.0,8.67,climb
941,5.08055,233,165,443.6,8.55,climb
942,5.0839,230,165,443.8,8.53,climb
943,5.0872,212,165,444.2,8.51,climb
944,5.09048,214,165,444.2,8.48,climb
945,5.09362,203,165,444.6,8.46,climb
946,5.09676,208,164,444.8,8.44,climb
947,5.09987,215,164,445.0,8.43,climb
948,5.10305,215,164,445.2,8.42,climb
949,5.10613,210,164,445.8,8.41,climb
950,5.10921,213,164,446.2,8.4,climb
951,5.11232,242,163,446.8,8.29,climb
952,5.11552,213,163,446.8,8.4,climb
953,5.11877,198,164,447.2,8.29,climb
954,5.12209,193,164,447.2,8.28,climb
955,5.12545,186,163,447.4,8.17,climb
956,5.12881,183,163,447.6,8.16,climb
957,5.13214,166,163,447.8,8.05,climb
958,5.13541,155,163,448.0,8.15,climb
959,5.1387,180,163,448.4,8.05,climb
960,5.14202,190,163,448.6,8.15,climb
961,5.1454,199,162,448.8,8.06,climb
962,5.1488,213,162,449.0,8.27,climb
963,5.15222,232,162,449.0,8.18,climb
964,5.15566,237,162,449.2,8.3,climb
965,5.15905,241,162,449.4,8.32,climb
966,5.16239,264,162,449.8,8.45,climb
967,5.16572,277,162,450.0,8.47,climb
968,5.16902,257,162,450.2,8.5,climb
969,5.17222,251,162,450.2,8.63,climb
970,5.17543,260,162,450.4,8.76,climb
971,5.17863,277,162,450.4,8.68,climb
972,5.18182,278,162,450.8,8.81,climb
973,5.18505,285,162,451.0,8.83,climb
974,5.18829,289,162,451.6,9.07,climb
975,5.19154,298,162,451.8,9.08,climb
976,5.19475,289,163,452.2,9.21,climb
977,5.19794,270,162,452.4,9.34,climb
978,5.20108,278,162,452.8,9.37,climb
979,5.20419,286,163,453.0,9.29,climb
980,5.20721,275,162,453.4,9.2,climb
981,5.21023,283,162,453.4,9.23,climb
982,5.21325,294,162,454.0,9.36,climb
983,5.2163,319,162,454.2,9.5,climb
984,5.2194,304,162,454.4,9.64,climb
985,5.22254,298,163,454.6,9.78,climb
986,5.22563,292,162,455.0,9.7,climb
987,5.22873,310,163,455.2,9.95,climb
988,5.2318,283,163,455.6,9.98,climb
989,5.2348,284,162,455.8,10.01,climb
990,5.23776,293,163,456.2,9.92,climb
991,5.24065,292,162,456.4,10.05,climb
992,5.24353,295,163,457.0,10.07,climb
993,5.24635,332,163,457.2,10.2,climb
994,5.24927,315,163,457.6,10.21,climb
995,5.25219,324,163,457.8,10.34,climb
996,5.2551,305,163,458.2,10.23,climb
997,5.25797,308,163,458.6,10.34,climb
998,5.26083,301,163,458.8,10.34,climb
999,5.26369,305,163,459.4,10.45,climb
1000,5.26657,328,163,459.6,10.45,climb
1001,5.26946,316,163,460.0,10.56,climb
1002,5.27231,312,163,460.4,10.45,climb
1003,5.27516,318,164,460.8,10.45,climb
1004,5.27798,313,164,461.2,10.11,climb
1005,5.28077,313,164,461.6,10.23,climb
1006,5.28353,274,164,462.0,10.12,climb
1007,5.28617,259,164,462.4,10.12,climb
1008,5.28872,259,164,462.6,10.01,climb
1009,5.29133,276,164,463.0,10.0,climb
1010,5.29392,269,164,463.2,9.87,climb
1011,5.29653,251,164,463.8,9.96,climb
1012,5.29919,264,165,464.0,9.83,climb
1013,5.30192,274,164,464.6,9.81,climb
1014,5.30466,248,164,464.8,9.91,climb
1015,5.30741,240,165,465.2,9.91,climb
1016,5.31017,243,164,465.2,9.8,climb
1017,5.31296,244,164,465.8,9.81,climb
1018,5.31575,212,164,466.0,9.92,climb
1019,5.31854,234,164,466.4,9.81,climb
1020,5.3215,233,164,466.4,9.8,climb
1021,5.32451,216,164,466.8,9.79,climb
1022,5.32759,211,164,467.0,9.56,climb
1023,5.33073,196,164,467.2,9.54,climb
1024,5.33387,185,164,467.4,9.53,climb
1025,5.33705,188,164,467.8,9.52,climb
1026,5.3403,186,164,468.0,9.5,climb
1027,5.34359,187,163,468.4,9.38,climb
1028,5.34689,187,163,468.6,9.36,climb
1029,5.35015,183,163,468.8,9.12,climb
1030,5.35339,195,163,469.0,9.21,climb
1031,5.35661,192,163,469.2,8.96,climb
1032,5.35983,197,164,469.4,8.94,climb
1033,5.36307,207,163,469.6,8.81,climb
1034,5.36632,218,163,469.6,8.79,climb
1035,5.36949,191,163,470.0,8.66,climb
1036,5.37262,215,163,470.2,8.74,climb
1037,5.37577,247,163,470.4,8.6,climb
1038,5.37899,250,163,470.6,8.57,climb
1039,5.38223,234,163,470.8,8.43,climb
1040,5.38554,252,163,471.0,8.53,climb
1041,5.3889,252,163,471.2,8.29,climb
1042,5.39232,243,163,471.6,8.26,climb
1043,5.39575,246,163,471.8,8.13,climb
1044,5.39903,201,162,472.2,8.1,climb
1045,5.40219,197,163,472.4,8.08,climb
1046,5.40519,194,162,472.6,8.16,climb
1047,5.40818,219,163,472.8,8.02,climb
1048,5.4112,227,163,473.4,7.89,climb
1049,5.41423,236,163,473.4,7.87,climb
1050,5.41728,236,162,473.8,7.95,climb
1051,5.42036,235,162,474.0,7.93,climb
1052,5.42347,251,163,474.2,7.91,climb
1053,5.4266,230,162,474.4,8.0,climb
1054,5.42976,242,162,474.8,7.99,climb
1055,5.43292,242,163,475.0,8.09,climb
1056,5.43609,241,163,475.4,7.98,climb
1057,5.43925,254,163,475.6,7.88,climb
1058,5.44248,274,163,475.8,7.88,climb
1059,5.44576,277,163,476.0,7.98,climb
1060,5.44905,258,163,476.4,7.98,climb
1061,5.4524,267,163,476.4,8.19,climb
1062,5.45574,283,163,476.8,8.29,climb
1063,5.4591,249,163,477.0,8.4,climb
1064,5.46236,249,163,477.4,8.5,climb
1065,5.46561,273,163,477.6,8.4,climb
1066,5.46887,246,163,478.2,8.4,climb
1067,5.47213,279,163,478.4,8.5,climb
1068,5.47543,253,163,478.6,8.41,climb
1069,5.47875,254,163,478.8,8.52,climb
1070,5.48141,247,163,479.2,8.53,climb
1071,5.4847,209,163,479.4,8.54,climb
1072,5.48799,223,163,479.6,8.45,climb
1073,5.49133,234,163,480.0,8.57,climb
1074,5.49467,246,163,480.2,8.47,climb
1075,5.49804,233,163,480.6,8.48,climb
1076,5.50146,260,163,480.8,8.47,climb
1077,5.50488,237,163,481.2,8.68,climb
1078,5.50832,237,163,481.2,8.57,climb
1079,5.51178,236,162,481.6,8.67,climb
1080,5.51524,236,163,481.8,8.67,climb
1081,5.51869,227,163,482.2,8.78,climb
1082,5.52218,216,163,482.4,8.89,climb
1083,5.52567,232,162,482.8,8.9,climb
1084,5.52901,242,163,483.0,8.91,climb
1085,5.53237,244,162,483.6,8.92,climb
1086,5.53568,265,163,483.6,8.93,climb
1087,5.539,265,163,483.8,8.94,climb
1088,5.54229,269,163,484.0,9.06,climb
1089,5.54555,262,162,484.4,9.08,climb
1090,5.54878,260,163,484.6,9.21,climb
1091,5.55198,247,162,485.2,9.36,climb
1092,5.55516,254,162,485.6,9.4,climb
1093,5.55833,262,163,486.0,9.44,climb
1094,5.56156,269,163,486.2,9.48,climb
1095,5.56476,245,163,486.4,9.51,climb
1096,5.56793,236,163,486.6,9.44,climb
1097,5.57106,230,163,487.0,9.48,climb
1098,5.57407,233,162,487.0,9.63,climb
1099,5.57706,248,163,487.4,9.67,climb
1100,5.58017,285,163,487.6,9.68,climb
1101,5.58328,269,163,487.8,9.73,climb
1102,5.58638,259,163,488.0,9.9,climb
1103,5.58948,261,163,488.4,9.84,climb
1104,5.59256,282,163,488.6,10.1,climb
1105,5.59566,291,163,488.8,10.04,climb
1106,5.59875,311,163,489.0,10.08,climb
1107,5.60182,291,163,489.6,9.9,climb
1108,5.60489,304,163,490.0,10.06,climb
1109,5.60797,307,163,490.2,10.0,climb
1110,5.61098,310,163,490.6,10.16,climb
1111,5.61398,297,163,491.0,10.09,climb
1112,5.61692,285,163,491.4,10.38,climb
1113,5.61981,284,163,491.6,10.44,climb
1114,5.62273,304,164,492.0,10.49,climb
1115,5.62572,310,164,492.2,10.44,climb
1116,5.62871,295,164,492.6,10.62,climb
1117,5.63167,287,163,492.8,11.05,climb
1118,5.63456,280,164,493.2,11.11,climb
1119,5.63739,276,164,493.4,11.18,climb
1120,5.64018,264,164,494.0,11.24,climb
1121,5.64267,213,164,494.2,11.06,climb
1122,5.64513,250,165,494.6,11.1,climb
1123,5.6476,263,165,494.8,11.15,climb
1124,5.65015,269,165,495.2,11.2,climb
1125,5.65272,269,165,495.4,11.38,climb
1126,5.65524,249,165,495.8,11.44,climb
1127,5.65777,268,165,496.0,11.49,climb
1128,5.66032,259,165,496.4,11.67,climb
1129,5.66286,257,165,496.6,11.73,climb
1130,5.6653,244,165,497.0,11.79,climb
1131,5.66762,237,164,497.2,11.85,climb
1132,5.6699,257,164,497.6,12.05,climb
1133,5.67229,285,165,497.8,12.11,climb
1134,5.6748,287,164,498.4,12.17,climb
1135,5.67736,307,165,498.6,12.36,climb
1136,5.68,297,164,498.8,12.56,climb
1137,5.68261,297,165,498.8,12.48,climb
1138,5.68523,304,165,499.0,12.27,climb
1139,5.68786,297,164,499.2,12.46,climb
1140,5.69052,296,165,499.6,12.37,climb
1141,5.69311,275,164,499.8,12.29,climb
1142,5.69564,281,164,500.4,12.2,climb
1143,5.6981,281,165,500.8,12.37,climb
1144,5.70056,277,165,501.0,12.28,climb
1145,5.70291,261,165,501.4,12.45,climb
1146,5.7052,261,165,501.6,12.34,climb
1147,5.70739,234,165,502.4,12.51,climb
1148,5.70964,265,165,502.6,12.39,climb
1149,5.71191,288,165,503.0,12.41,climb
1150,5.71423,277,165,503.2,12.3,climb
1151,5.71659,301,165,503.4,12.31,climb
1152,5.71908,306,165,503.8,12.19,climb
1153,5.72162,279,165,504.2,12.2,climb
1154,5.72405,263,165,504.4,12.21,climb
1155,5.72648,255,165,504.8,12.23,climb
1156,5.72883,242,166,505.0,12.25,climb
1157,5.73113,246,165,505.4,12.27,climb
1158,5.73341,242,165,505.6,12.29,climb
1159,5.73566,254,165,506.0,12.31,climb
1160,5.73793,254,166,506.2,12.18,climb
1161,5.74023,236,165,506.4,12.31,climb
1162,5.74246,224,165,506.8,12.3,climb
1163,5.74468,253,165,507.2,12.32,climb
1164,5.747,262,165,507.4,12.2,climb
1165,5.74933,243,165,507.8,12.22,climb
1166,5.75165,248,165,508.2,12.39,climb
1167,5.75401,260,165,508.6,12.56,climb
1168,5.75646,259,165,508.6,12.73,climb
1169,5.75889,263,166,509.0,12.91,climb
1170,5.76131,245,166,509.2,12.81,climb
1171,5.76374,247,165,509.4,12.85,climb
1172,5.76612,239,165,509.6,12.75,climb
1173,5.7685,255,166,510.0,12.64,climb
1174,5.77098,259,165,510.2,12.67,climb
1175,5.77355,268,166,510.6,12.68,climb
1176,5.77616,282,166,510.8,12.97,climb
1177,5.77881,269,166,511.2,12.53,climb
1178,5.78147,269,166,511.4,12.52,climb
1179,5.78405,254,166,511.6,12.38,climb
1180,5.78651,253,166,512.0,12.52,climb
1181,5.78888,236,166,512.2,12.54,climb
1182,5.79118,263,166,512.4,12.71,climb
1183,5.79356,274,166,512.6,12.45,climb
1184,5.79594,267,166,513.0,12.9,climb
1185,5.79832,246,166,513.2,12.78,climb
1186,5.80057,238,165,513.6,12.92,climb
1187,5.80281,282,166,513.8,12.89,climb
1188,5.80512,282,166,514.2,13.01,climb
1189,5.80745,282,166,514.4,12.84,climb
1190,5.80983,282,166,514.6,12.68,climb
1191,5.81221,285,166,515.0,12.8,climb
1192,5.81456,260,166,515.4,12.64,climb
1193,5.81678,251,166,515.6,12.62,climb
1194,5.81905,284,166,516.0,12.74,climb
1195,5.82135,291,166,516.2,12.58,climb
1196,5.82367,275,166,516.6,12.4,climb
1197,5.82595,271,166,516.8,12.21,climb
1198,5.8282,261,166,517.2,12.31,climb
1199,5.83044,258,166,517.6,12.11,climb
1200,5.83264,258,166,517.8,12.05,climb
1201,5.83469,242,166,518.0,11.99,climb
1202,5.83677,255,167,518.4,11.92,climb
1203,5.83893,270,167,518.6,11.72,climb
1204,5.84108,281,166,518.8,11.53,climb
1205,5.84324,292,167,519.2,11.34,climb
1206,5.84552,305,167,519.8,11.41,climb
1207,5.84785,306,166,520.0,11.22,climb
1208,5.85021,327,167,520.2,11.16,climb
1209,5.85249,276,167,520.4,11.08,climb
1210,5.85477,295,166,520.8,10.87,climb
1211,5.85694,295,167,521.0,10.77,climb
1212,5.85915,283,167,521.6,10.8,climb
1213,5.86143,299,167,521.6,10.7,climb
1214,5.86362,257,167,522.4,10.35,climb
1215,5.86581,288,166,522.6,10.39,climb
1216,5.86819,305,167,523.0,10.04,climb
1217,5.87074,214,167,523.4,9.94,climb
1218,5.87326,220,167,523.8,9.72,climb
1219,5.87582,215,167,524.0,9.51,climb
1220,5.87835,185,167,524.0,9.44,climb
1221,5.88082,183,167,524.4,9.36,climb
1222,5.88326,186,167,524.6,9.17,climb
1223,5.88573,192,167,525.0,9.1,climb
1224,5.88824,189,167,525.4,8.91,climb
1225,5.89082,204,166,525.6,8.85,climb
1226,5.8936,226,167,525.8,8.56,climb
1227,5.89646,196,166,526.0,8.5,climb
1228,5.89949,207,166,526.2,8.33,climb
1229,5.90258,207,166,526.4,8.16,climb
1230,5.90569,194,166,526.6,8.1,climb
1231,5.90888,194,166,526.8,8.04,climb
1232,5.91205,185,167,527.0,7.97,climb
1233,5.91524,170,166,527.2,7.91,climb
1234,5.91848,186,166,527.2,7.96,climb
1235,5.92176,184,166,527.4,7.8,climb
1236,5.92513,186,166,527.8,7.54,climb
1237,5.92853,165,166,528.0,7.61,climb
1238,5.93201,195,166,528.2,7.57,climb
1239,5.93561,174,166,528.4,7.53,climb
1240,5.93928,174,166,528.6,7.49,climb
1241,5.94304,168,166,528.8,7.46,climb
1242,5.94679,172,166,529.2,7.22,climb
1243,5.95058,176,166,529.4,7.19,climb
1244,5.95435,169,166,529.4,7.06,climb
1245,5.95809,222,165,529.8,7.02,climb
1246,5.96196,193,165,529.8,7.0,climb
1247,5.96585,194,165,530.0,6.88,climb
1248,5.96973,194,165,530.2,6.85,climb
1249,5.97351,190,165,530.2,6.83,climb
1250,5.97728,212,165,530.4,7.01,climb
1251,5.98099,211,165,530.8,6.89,climb
1252,5.98462,201,165,531.0,6.85,climb
1253,5.98821,220,164,531.2,6.82,climb
1254,5.99181,200,164,531.4,6.79,climb
1255,5.99534,203,164,531.6,6.77,climb
1256,5.99884,219,164,531.6,6.85,climb
1257,6.00237,225,164,531.8,6.84,climb
1258,6.00583,222,165,532.0,6.93,climb
1259,6.00929,234,164,532.2,6.93,climb
1260,6.0128,249,164,532.4,7.02,climb
1261,6.01636,254,164,532.6,7.01,climb
1262,6.01995,262,164,533.0,7.2,climb
1263,6.0235,275,164,533.2,7.1,climb
1264,6.027,249,164,533.6,7.38,climb
1265,6.0304,234,163,533.8,7.38,climb
1266,6.03379,249,163,534.0,7.28,climb
1267,6.03713,261,163,534.4,7.38,climb
1268,6.04046,267,163,534.6,7.49,climb
1269,6.04373,262,163,534.8,7.5,climb
1270,6.04692,260,163,535.2,7.52,climb
1271,6.05008,254,163,535.4,7.54,climb
1272,6.05307,242,163,535.6,7.67,climb
1273,6.05609,268,163,535.6,7.61,climb
1274,6.05919,261,163,536.2,7.84,climb
1275,6.06229,251,163,536.4,7.78,climb
1276,6.06539,251,163,536.8,8.03,climb
1277,6.06852,257,163,537.0,8.38,climb
1278,6.07167,259,162,537.4,8.34,climb
1279,6.07482,251,163,537.6,8.7,climb
1280,6.07798,260,162,538.0,8.77,climb
1281,6.08122,267,162,538.2,8.93,climb
1282,6.08458,278,163,538.4,9.1,climb
1283,6.088,262,163,538.8,9.17,climb
1284,6.09137,257,162,539.2,9.34,climb
1285,6.09472,254,163,539.4,9.41,climb
1286,6.09803,237,163,539.8,9.69,climb
1287,6.10123,227,163,540.0,9.88,climb
1288,6.10435,246,163,540.4,9.94,climb
1289,6.10761,281,163,540.6,10.12,climb
1290,6.11094,273,163,541.0,10.08,climb
1291,6.11427,259,163,541.2,10.38,climb
1292,6.11761,239,163,541.8,10.23,climb
1293,6.12097,252,164,541.8,10.54,climb
1294,6.12434,253,164,542.4,10.41,climb
1295,6.1277,253,164,542.6,10.72,climb
1296,6.13106,251,163,542.8,10.69,climb
1297,6.13439,256,163,543.2,10.89,climb
1298,6.1377,261,164,543.6,10.97,climb
1299,6.14095,262,164,543.8,11.18,climb
1300,6.14409,262,163,544.0,11.14,climb
1301,6.14715,260,164,544.2,11.33,climb
1302,6.15013,241,164,544.8,11.28,climb
1303,6.15299,231,164,544.8,11.6,climb
1304,6.1558,258,163,545.2,11.43,climb
1305,6.15857,265,163,545.4,11.64,climb
1306,6.16128,266,164,545.8,11.6,climb
1307,6.16389,260,163,546.6,11.81,climb
1308,6.16642,259,164,546.6,11.77,climb
1309,6.16886,253,163,547.2,11.99,climb
1310,6.17123,259,163,547.4,11.95,climb
1311,6.17352,258,163,548.0,12.17,climb
1312,6.17581,275,163,548.4,12.28,climb
1313,6.17804,275,163,548.6,12.27,climb
1314,6.18026,255,163,549.0,12.38,climb
1315,6.18243,247,163,549.2,12.63,climb
1316,6.18454,235,163,549.6,12.6,climb
1317,6.18667,282,163,550.0,12.71,climb
1318,6.18887,319,163,550.2,12.67,climb
1319,6.19113,265,163,550.6,12.92,climb
1320,6.1934,269,163,550.6,12.9,climb
1321,6.19563,269,163,551.2,13.17,climb
1322,6.19781,285,163,551.2,13.01,climb
1323,6.19989,263,163,551.8,13.29,climb
1324,6.20189,284,163,551.8,13.29,climb
1325,6.20391,262,163,552.4,13.43,climb
1326,6.2059,266,163,552.4,13.58,climb
1327,6.20792,266,163,553.0,13.57,climb
1328,6.20994,268,163,553.2,13.56,climb
1329,6.21193,270,164,553.6,13.7,climb
1330,6.21392,274,164,553.8,13.83,climb
1331,6.21595,274,164,554.2,13.96,climb
1332,6.21796,274,164,554.2,13.9,climb
1333,6.21995,266,164,554.6,14.13,climb
1334,6.22191,260,164,554.8,14.2,climb
1335,6.22385,259,164,555.2,14.26,climb
1336,6.22579,259,164,555.4,14.32,climb
1337,6.2277,259,164,555.8,13.73,climb
1338,6.22964,283,164,556.0,14.27,climb
1339,6.23163,239,164,556.4,14.14,climb
1340,6.23365,239,164,556.6,14.34,climb
1341,6.23565,266,165,557.0,14.04,climb
1342,6.23764,266,164,557.2,14.05,climb
1343,6.23962,256,164,557.4,14.05,climb
1344,6.2416,263,164,557.8,13.89,climb
1345,6.24361,253,164,558.2,14.05,climb
1346,6.24562,253,164,558.4,13.88,climb
1347,6.24761,248,165,558.6,13.71,climb
1348,6.24961,231,164,558.8,13.72,climb
1349,6.2516,244,164,559.2,13.56,climb
1350,6.25359,244,165,559.4,13.73,climb
1351,6.25555,244,165,559.8,13.56,climb
1352,6.25746,230,165,560.0,13.88,climb
1353,6.25937,238,164,560.2,13.53,climb
1354,6.26126,239,164,560.6,13.83,climb
1355,6.26319,236,165,560.8,13.3,climb
1356,6.26512,236,165,561.0,13.58,climb
1357,6.26706,220,165,561.2,13.05,climb
1358,6.26898,220,164,561.4,13.17,climb
1359,6.27089,223,164,561.6,12.97,climb
1360,6.27275,223,164,561.8,13.25,climb
1361,6.27468,260,164,562.0,13.06,climb
1362,6.27677,280,164,562.4,13.34,climb
1363,6.27893,262,164,562.6,13.15,climb
1364,6.28112,270,164,563.0,13.11,climb
1365,6.28336,250,164,563.2,12.9,climb
1366,6.28555,250,164,563.6,13.02,climb
1367,6.28767,240,164,563.6,13.13,climb
1368,6.28979,241,164,564.2,12.93,climb
1369,6.29194,222,165,564.6,12.9,climb
1370,6.29399,217,165,565.0,12.87,climb
1371,6.29603,222,164,565.2,12.68,climb
1372,6.2982,248,164,565.6,12.65,climb
1373,6.30044,248,165,565.8,12.93,climb
1374,6.30265,233,165,566.0,12.74,climb
1375,6.30484,228,164,566.4,12.56,climb
1376,6.30701,222,165,566.6,12.53,climb
1377,6.30917,245,165,566.8,12.65,climb
1378,6.31134,236,164,567.0,12.62,climb
1379,6.31355,267,164,567.2,12.75,climb
1380,6.31579,259,164,567.4,12.73,climb
1381,6.31804,256,164,567.8,12.4,climb
1382,6.32032,246,164,568.2,12.37,climb
1383,6.32256,246,165,568.4,12.48,climb
1384,6.32483,246,165,568.8,12.3,climb
1385,6.32721,267,165,568.8,12.43,climb
1386,6.32961,242,165,569.2,12.26,climb
1387,6.33202,236,165,569.2,12.4,climb
1388,6.33443,250,165,569.6,12.38,climb
1389,6.33683,236,165,569.8,12.65,climb
1390,6.33921,230,165,570.4,12.61,climb
1391,6.34154,227,165,570.6,12.72,climb
1392,6.34388,226,165,571.0,12.56,climb
1393,6.34621,231,165,571.2,12.7,climb
1394,6.34857,228,165,571.4,12.56,climb
1395,6.35095,228,165,571.6,12.58,climb
1396,6.35328,221,165,572.0,12.31,climb
1397,6.35564,238,165,572.6,12.77,climb
1398,6.35802,249,165,572.6,12.49,climb
1399,6.36035,252,165,573.0,12.36,climb
1400,6.36267,252,166,573.2,12.22,climb
1401,6.365,242,165,573.4,12.37,climb
1402,6.36731,242,165,573.6,12.24,climb
1403,6.3696,240,166,574.2,12.56,climb
1404,6.37189,238,165,574.4,12.58,climb
1405,6.37422,239,166,574.6,12.61,climb
1406,6.37651,231,165,574.8,12.78,climb
1407,6.37881,242,165,575.2,12.94,climb
1408,6.38112,244,165,575.4,12.95,climb
1409,6.38339,221,165,576.0,12.97,climb
1410,6.38561,230,165,576.2,13.14,climb
1411,6.38784,259,165,576.2,13.0,climb
1412,6.39007,259,165,576.4,13.01,climb
1413,6.39233,269,165,576.8,13.18,climb
1414,6.39458,262,165,577.0,13.18,climb
1415,6.39675,262,166,577.4,13.35,climb
1416,6.39888,254,165,577.4,13.37,climb
1417,6.40096,228,165,577.8,13.69,climb
1418,6.40306,256,165,578.0,13.71,climb
1419,6.40529,258,165,578.6,13.73,climb
1420,6.40761,250,165,578.8,13.6,climb
1421,6.40992,250,165,579.2,13.76,climb
1422,6.41217,258,165,579.4,13.76,climb
1423,6.41435,257,164,579.8,13.77,climb
1424,6.41644,247,164,580.0,13.94,climb
1425,6.41846,249,164,580.2,13.93,climb
1426,6.4204,278,163,580.2,14.07,climb
1427,6.42234,278,163,580.8,13.59,climb
1428,6.42432,290,163,581.0,13.87,climb
1429,6.42629,274,163,581.2,13.52,climb
1430,6.42825,259,163,581.4,13.6,climb
1431,6.43023,248,163,581.8,13.53,climb
1432,6.43223,277,163,582.0,13.58,climb
1433,6.43421,277,163,582.6,13.01,climb
1434,6.43617,261,163,582.8,12.86,climb
1435,6.4381,278,163,583.2,12.57,climb
1436,6.44008,285,164,583.6,12.25,climb
1437,6.44211,285,164,584.0,11.75,climb
1438,6.44414,272,164,584.2,11.4,climb
1439,6.44616,276,164,584.4,10.75,climb
1440,6.44826,283,165,584.8,10.36,climb
1441,6.45037,280,165,585.0,10.09,climb
1442,6.45248,280,165,585.4,9.55,climb
1443,6.45462,279,165,585.8,9.01,climb
1444,6.45682,300,165,586.2,8.5,climb
1445,6.45906,277,165,586.4,7.89,climb
1446,6.46128,255,165,586.8,7.41,climb
1447,6.46347,256,165,587.2,6.84,climb
1448,6.46571,240,166,587.6,6.3,climb
1449,6.46792,220,165,587.8,5.71,climb
1450,6.47011,218,166,588.2,5.06,climb
1451,6.47238,218,166,588.6,4.54,climb
1452,6.47467,206,166,589.0,4.05,climb
1453,6.4769,182,166,589.2,3.59,climb
1454,6.47917,193,166,589.6,3.23,climb
1455,6.48158,172,166,589.8,2.98,flat
1456,6.48407,169,165,590.4,2.82,flat
1457,6.48662,143,166,590.4,2.27,flat
1458,6.48927,160,166,590.8,2.21,flat
1459,6.49203,127,165,590.8,1.93,flat
1460,6.49499,162,166,591.2,1.81,flat
1461,6.49802,121,165,591.4,1.56,flat
1462,6.50134,134,165,591.8,1.45,flat
1463,6.50491,112,166,591.8,1.15,flat
1464,6.50871,92,165,592.0,1.05,flat
1465,6.51261,90,165,592.0,0.83,flat
1466,6.51695,77,165,592.0,0.69,flat
1467,6.52175,77,165,592.0,0.49,flat
1468,6.52677,73,165,592.0,0.36,flat
1469,6.5322,0,165,592.0,0.23,flat
1470,6.53807,0,165,592.0,0.11,flat
1471,6.5445,0,164,592.0,-0.06,flat
1472,6.55139,10,164,591.8,-0.16,flat
1473,6.55877,23,164,591.8,-0.38,flat
1474,6.56637,21,163,591.6,-0.47,flat
1475,6.57421,21,163,591.4,-0.52,flat
1476,6.58252,100,163,591.0,-0.61,flat
1477,6.5911,87,163,590.8,-0.76,flat
1478,6.59977,95,163,590.4,-0.85,flat
1479,6.60844,114,162,590.2,-0.89,flat
1480,6.61709,109,162,589.4,-0.98,flat
1481,6.62578,129,162,589.0,-1.07,flat
1482,6.63441,157,162,588.4,-1.11,flat
1483,6.64307,147,162,588.0,-1.01,flat
1484,6.65174,166,162,587.6,-1.01,flat
1485,6.66037,150,162,587.4,-0.86,flat
1486,6.66905,158,162,587.2,-0.9,flat
1487,6.67771,139,162,586.6,-0.76,flat
1488,6.68646,160,162,586.8,-0.76,flat
1489,6.69508,147,161,586.4,-0.61,flat
1490,6.7039,150,161,586.4,-0.66,flat
1491,6.71275,159,161,586.2,-0.56,flat
1492,6.72168,144,160,586.2,-0.66,flat
1493,6.73092,142,160,586.0,-0.52,flat
1494,6.74019,135,160,586.0,-0.52,flat
1495,6.74967,152,160,585.8,-0.38,flat
1496,6.75923,188,159,585.8,-0.33,flat
1497,6.76893,176,159,585.6,-0.19,flat
1498,6.77866,158,159,585.4,-0.14,flat
1499,6.7884,170,159,585.2,0.0,flat
1500,6.79806,168,158,585.2,0.1,flat
1501,6.80774,192,158,584.8,0.24,flat
1502,6.81732,201,158,584.8,0.34,flat
1503,6.82677,219,158,584.4,0.54,flat
1504,6.83588,219,158,584.4,0.74,flat
1505,6.84459,200,158,584.4,0.95,flat
1506,6.85279,190,158,584.4,1.11,flat
1507,6.86027,180,157,584.2,1.28,flat
1508,6.86691,160,157,584.2,1.55,flat
1509,6.87315,188,157,584.2,1.73,flat
1510,6.87857,313,157,584.2,2.13,flat
1511,6.88346,298,157,584.2,2.27,flat
1512,6.88801,250,157,584.4,2.58,flat
1513,6.89239,297,158,585.0,2.84,flat
1514,6.89655,242,157,585.4,3.22,climb
1515,6.90049,264,157,586.2,3.5,climb
1516,6.90433,268,157,586.6,3.85,climb
1517,6.90802,294,157,587.2,4.14,climb
1518,6.91175,338,157,587.6,4.39,climb
1519,6.91552,344,157,588.2,4.65,climb
1520,6.91934,371,157,588.4,4.85,climb
1521,6.92318,373,157,589.0,5.07,climb
1522,6.92702,364,158,589.0,5.42,climb
1523,6.93087,381,157,589.6,5.65,climb
1524,6.93473,359,158,589.8,5.9,climb
1525,6.93852,375,158,590.4,6.3,climb
1526,6.94227,374,159,590.6,6.57,climb
1527,6.94605,410,159,591.2,6.93,climb
1528,6.94988,400,159,591.4,7.38,climb
1529,6.95368,400,160,592.0,7.7,climb
1530,6.95742,387,160,592.4,8.04,climb
1531,6.96103,384,161,593.0,8.54,climb
1532,6.9646,389,161,593.2,8.99,climb
1533,6.96819,403,161,594.0,9.46,climb
1534,6.97184,415,162,594.6,9.84,climb
1535,6.97547,416,162,595.2,10.14,climb
1536,6.97904,416,162,595.4,10.52,climb
1537,6.98245,394,163,595.8,10.88,climb
1538,6.98581,378,163,596.4,11.11,climb
1539,6.98916,378,163,596.8,11.42,climb
1540,6.99246,386,164,597.4,11.6,climb
1541,6.99575,377,164,597.4,11.75,climb
1542,6.99908,391,164,597.8,11.79,climb
1543,7.0024,389,165,598.2,11.64,climb
1544,7.00564,386,165,599.0,11.57,climb
1545,7.00892,372,165,599.6,11.29,climb
1546,7.01223,403,165,600.4,11.29,climb
1547,7.01554,373,166,600.6,10.99,climb
1548,7.01881,350,166,601.4,10.97,climb
1549,7.02214,362,166,601.6,10.76,climb
1550,7.02539,306,167,602.0,10.84,climb
1551,7.02861,333,167,602.2,10.63,climb
1552,7.03183,323,167,603.0,10.71,climb
1553,7.03514,326,167,603.2,10.52,climb
1554,7.03846,310,167,603.6,10.51,climb
1555,7.04179,325,168,604.2,10.31,climb
1556,7.04528,320,168,604.6,10.3,climb
1557,7.04877,293,168,605.0,10.0,climb
1558,7.05228,301,168,605.6,9.9,climb
1559,7.05578,305,169,605.8,9.79,climb
1560,7.05932,266,169,606.2,9.68,climb
1561,7.06288,271,169,606.6,9.56,climb
1562,7.06641,234,169,607.2,9.53,climb
1563,7.06997,247,169,607.4,9.22,climb
1564,7.07357,228,169,607.8,9.01,climb
1565,7.07722,258,169,608.0,8.8,climb
1566,7.08091,238,169,608.4,8.77,climb
1567,7.08459,228,169,608.6,8.74,climb
1568,7.0883,232,169,608.8,8.44,climb
1569,7.092,239,169,609.2,8.32,climb
1570,7.09578,238,170,609.4,8.11,climb
1571,7.09966,245,169,609.6,8.25,climb
1572,7.10344,202,169,609.8,8.14,climb
1573,7.1072,223,169,610.0,8.11,climb
1574,7.11094,248,170,610.2,7.82,climb
1575,7.11478,234,170,610.4,7.62,climb
1576,7.1187,267,169,610.8,7.25,climb
1577,7.12279,252,170,610.8,7.32,climb
1578,7.12695,232,170,611.2,7.04,climb
1579,7.13106,202,169,611.4,7.11,climb
1580,7.13521,185,169,611.8,6.92,climb
1581,7.13945,213,170,612.0,6.9,climb
1582,7.14357,206,170,612.2,6.62,climb
1583,7.14758,219,170,612.4,6.78,climb
1584,7.15163,260,169,612.6,6.68,climb
1585,7.15574,264,170,612.8,6.58,climb
1586,7.15985,276,170,613.0,6.48,climb
1587,7.16397,255,170,613.0,6.47,climb
1588,7.16807,255,170,613.0,6.37,climb
1589,7.17222,260,170,613.4,6.35,climb
1590,7.1764,264,170,613.6,6.25,climb
1591,7.18066,256,170,614.0,6.22,climb
1592,7.18497,276,170,614.2,6.04,climb
1593,7.18943,290,170,614.4,6.02,climb
1594,7.19381,212,170,614.6,5.92,climb
1595,7.19809,227,170,614.8,5.99,climb
1596,7.20241,255,170,615.0,5.89,climb
1597,7.20672,275,170,615.4,5.88,climb
1598,7.21094,236,170,615.4,5.94,climb
1599,7.21524,235,170,615.6,5.92,climb
1600,7.21944,257,170,615.8,5.91,climb
1601,7.22362,232,170,616.2,5.89,climb
1602,7.22768,245,170,616.4,5.87,climb
1603,7.2317,242,170,616.8,5.85,climb
1604,7.23574,278,170,617.0,5.75,climb
1605,7.23976,315,170,617.2,5.81,climb
1606,7.24382,283,170,617.2,5.71,climb
1607,7.24783,306,170,617.6,5.78,climb
1608,7.2518,281,170,617.8,5.77,climb
1609,7.25573,286,170,618.2,5.76,climb
1610,7.25961,284,170,618.2,5.75,climb
1611,7.26352,303,170,618.4,5.67,climb
1612,7.26741,269,170,618.6,5.76,climb
1613,7.27128,258,170,619.2,5.76,climb
1614,7.27511,267,170,619.4,5.77,climb
1615,7.27892,267,170,619.8,5.78,climb
1616,7.28282,267,170,620.0,5.71,climb
1617,7.28682,276,170,620.4,5.72,climb
1618,7.29097,276,170,620.8,5.79,climb
1619,7.29524,306,170,621.0,5.62,climb
1620,7.29951,215,170,621.2,5.53,climb
1621,7.30385,259,170,621.6,5.34,climb
1622,7.30822,244,170,621.8,5.22,climb
1623,7.3126,238,170,622.0,5.09,climb
1624,7.31687,227,170,622.2,4.82,climb
1625,7.32114,225,170,622.6,4.71,climb
1626,7.32537,229,170,622.8,4.43,climb
1627,7.32965,255,170,623.0,4.15,climb
1628,7.33401,236,170,623.4,3.86,climb
1629,7.33849,272,171,623.8,3.65,climb
1630,7.34302,251,171,624.0,3.31,climb
1631,7.34755,218,170,624.2,3.06,climb
1632,7.35213,231,170,624.4,2.53,flat
1633,7.35675,215,170,624.6,2.21,flat
1634,7.36136,240,170,624.6,1.77,flat
1635,7.366,249,170,625.0,1.53,flat
1636,7.37067,251,170,625.2,1.0,flat
1637,7.37534,228,170,625.4,0.55,flat
1638,7.38001,271,170,625.8,0.06,flat
1639,7.38455,150,170,626.0,-0.17,flat
1640,7.38899,150,170,626.4,-0.63,flat
1641,7.39324,111,170,626.4,-0.84,flat
1642,7.39719,0,170,626.8,-1.31,flat
1643,7.40099,0,170,627.0,-1.61,flat
1644,7.40458,0,170,627.2,-1.84,flat
1645,7.40815,0,170,627.4,-2.06,flat
1646,7.41188,0,170,627.4,-2.33,flat
1647,7.41573,0,170,627.4,-2.43,flat
1648,7.42003,0,169,627.6,-2.63,flat
1649,7.42468,0,169,627.6,-2.73,flat
1650,7.42979,0,169,627.6,-2.87,flat
1651,7.43548,32,169,627.6,-3.0,flat
1652,7.44183,0,169,627.6,-3.18,descent
1653,7.44863,0,168,627.6,-3.27,descent
1654,7.45525,0,168,627.2,-3.4,descent
1655,7.46137,0,168,627.2,-3.54,descent
1656,7.46851,0,168,626.8,-3.8,descent
1657,7.47665,0,168,626.6,-3.89,descent
1658,7.48561,10,167,626.0,-4.1,descent
1659,7.49446,25,167,625.8,-4.31,descent
1660,7.50309,25,167,625.2,-4.44,descent
1661,7.51148,0,166,625.0,-4.65,descent
1662,7.52062,0,166,623.8,-4.73,descent
1663,7.53059,0,166,623.4,-4.81,descent
1664,7.54127,0,165,622.4,-4.89,descent
1665,7.55259,0,165,622.0,-5.05,descent
1666,7.56431,1,164,620.4,-5.09,descent
1667,7.576,3,164,619.4,-5.13,descent
1668,7.58752,3,163,618.0,-5.17,descent
1669,7.59896,0,162,617.6,-5.22,descent
1670,7.61038,0,162,616.0,-5.26,descent
1671,7.62181,0,161,615.4,-5.22,descent
1672,7.6331,49,160,613.8,-5.26,descent
1673,7.64442,6,160,613.2,-5.25,descent
1674,7.65563,18,159,612.4,-5.25,descent
1675,7.66699,49,158,611.8,-5.21,descent
1676,7.67832,58,158,610.8,-5.17,descent
1677,7.68973,55,157,610.6,-5.14,descent
1678,7.70129,77,157,610.0,-5.12,descent
1679,7.7131,9,156,609.6,-5.02,descent
1680,7.72491,10,155,609.0,-4.97,descent
1681,7.73676,0,154,608.6,-4.86,descent
1682,7.74843,0,153,607.8,-4.83,descent
1683,7.75944,0,152,607.4,-4.79,descent
1684,7.76951,0,152,606.8,-4.69,descent
1685,7.77907,0,150,606.4,-4.57,descent
1686,7.78856,0,149,605.2,-4.46,descent
1687,7.79784,0,149,604.8,-4.39,descent
1688,7.80688,0,148,604.0,-4.29,descent
1689,7.81592,0,147,603.2,-4.27,descent
1690,7.825,0,146,602.6,-4.18,descent
1691,7.83404,11,145,601.6,-4.15,descent
1692,7.84307,137,145,601.2,-3.94,descent
1693,7.85197,165,145,600.8,-3.95,descent
1694,7.86068,184,145,600.2,-3.88,descent
1695,7.86917,148,144,599.6,-3.93,descent
1696,7.87757,208,144,599.4,-3.69,descent
1697,7.88594,235,145,599.2,-3.67,descent
1698,7.89411,200,144,599.2,-3.54,descent
1699,7.90216,223,144,599.0,-3.67,descent
1700,7.91016,281,144,599.0,-3.46,descent
1701,7.91809,262,145,599.0,-3.62,descent
1702,7.92601,269,145,599.0,-3.49,descent
1703,7.93389,299,145,599.0,-3.58,descent
1704,7.94165,314,145,599.0,-3.59,descent
1705,7.94943,292,146,599.2,-3.71,descent
1706,7.95687,289,146,599.2,-3.68,descent
1707,7.96423,315,146,599.2,-3.92,descent
1708,7.97125,335,147,599.4,-3.88,descent
1709,7.9781,252,148,599.8,-4.0,descent
1710,7.98474,213,148,600.0,-3.97,descent
1711,7.99099,54,148,600.6,-4.14,descent
1712,7.99726,117,148,600.8,-4.14,descent
1713,8.00359,116,149,601.0,-4.22,descent
1714,8.01018,91,149,601.2,-4.25,descent
1715,8.01715,0,148,601.8,-4.21,descent
1716,8.02466,0,148,602.0,-4.13,descent
1717,8.03277,0,148,602.2,-4.12,descent
1718,8.04043,0,147,602.2,-4.16,descent
1719,8.04707,0,147,602.2,-4.08,descent
1720,8.05378,0,146,602.2,-4.0,descent
1721,8.06084,0,146,602.2,-3.85,descent
1722,8.0688,0,145,602.2,-3.77,descent
1723,8.07745,0,144,601.8,-3.7,descent
1724,8.08702,0,144,601.2,-3.58,descent
1725,8.0967,0,143,600.6,-3.43,descent
1726,8.10583,0,142,600.4,-3.35,descent
1727,8.11523,0,142,599.6,-3.31,descent
1728,8.12467,0,141,599.0,-3.31,descent
1729,8.13372,0,140,598.0,-3.27,descent
1730,8.1423,0,139,597.6,-3.27,descent
1731,8.15147,0,139,596.2,-3.27,descent
1732,8.16082,0,138,595.4,-3.3,descent
1733,8.16993,0,136,594.4,-3.3,descent
1734,8.17952,4,135,593.6,-3.33,descent
1735,8.18959,11,134,592.4,-3.37,descent
1736,8.20006,11,133,591.6,-3.48,descent
1737,8.21077,9,133,590.2,-3.57,descent
1738,8.22166,9,132,589.8,-3.72,descent
1739,8.23249,54,132,588.8,-3.8,descent
1740,8.24333,54,131,588.4,-4.0,descent
1741,8.25422,54,131,587.2,-4.21,descent
1742,8.26516,112,130,586.4,-4.42,descent
1743,8.27606,124,130,585.6,-4.51,descent
1744,8.28664,121,130,584.8,-4.72,descent
1745,8.2971,132,130,584.6,-4.89,descent
1746,8.30727,120,130,583.8,-5.03,descent
1747,8.31709,127,130,583.4,-5.13,descent
1748,8.32669,114,130,582.4,-5.23,descent
1749,8.33591,98,130,582.0,-5.28,descent
1750,8.34487,112,130,581.8,-5.38,descent
1751,8.35372,110,129,581.6,-5.47,descent
1752,8.36255,105,129,581.6,-5.69,descent
1753,8.37125,0,129,581.6,-5.72,descent
1754,8.37985,0,128,581.6,-5.8,descent
1755,8.38831,0,128,581.8,-5.81,descent
1756,8.39665,0,127,582.0,-6.02,descent
1757,8.40496,0,127,582.0,-6.02,descent
1758,8.41333,0,126,582.0,-6.14,descent
1759,8.42152,0,126,582.0,-6.03,descent
1760,8.42986,0,126,582.0,-6.21,descent
1761,8.43842,0,125,582.0,-6.01,descent
1762,8.44669,0,125,581.8,-6.12,descent
1763,8.45515,0,126,581.8,-6.01,descent
1764,8.46372,0,125,581.6,-6.03,descent
1765,8.47189,0,124,581.6,-5.98,descent
1766,8.47927,0,124,581.0,-6.16,descent
1767,8.48572,0,123,580.6,-6.04,descent
1768,8.4924,0,122,580.0,-6.26,descent
1769,8.49901,0,121,580.0,-6.34,descent
1770,8.50441,0,120,579.2,-6.42,descent
1771,8.50923,0,119,578.8,-6.42,descent
1772,8.51349,0,119,578.0,-6.39,descent
1773,8.51788,0,118,577.8,-6.46,descent
1774,8.52309,0,118,577.0,-6.43,descent
1775,8.52838,0,118,576.8,-6.63,descent
1776,8.53408,0,118,576.4,-6.54,descent
1777,8.5398,0,118,576.2,-6.6,descent
1778,8.54528,0,118,575.8,-6.5,descent
1779,8.55055,0,117,575.6,-6.54,descent
1780,8.55573,0,117,575.2,-6.57,descent
1781,8.56136,0,116,574.8,-6.65,descent
1782,8.56778,0,116,573.8,-6.68,descent
1783,8.57404,0,116,573.4,-6.8,descent
1784,8.58014,0,115,572.6,-6.87,descent
1785,8.58582,0,115,572.2,-7.03,descent
1786,8.59125,0,115,571.2,-7.09,descent
1787,8.59691,0,114,570.6,-7.2,descent
1788,8.60375,0,113,569.6,-7.21,descent
1789,8.61137,0,112,569.2,-7.21,descent
1790,8.61919,0,111,568.0,-7.27,descent
1791,8.62707,0,111,567.6,-7.23,descent
1792,8.63506,0,111,566.4,-7.23,descent
1793,8.64281,0,111,566.0,-7.24,descent
1794,8.6504,0,111,565.2,-7.25,descent
1795,8.65761,0,111,564.4,-7.32,descent
1796,8.66449,0,112,563.0,-7.18,descent
1797,8.67136,0,112,562.4,-7.13,descent
1798,8.67868,0,112,561.2,-6.99,descent
1799,8.68657,0,113,560.0,-7.01,descent
1800,8.69473,0,113,559.4,-6.8,descent
1801,8.70283,0,113,558.4,-6.69,descent
1802,8.70973,0,113,558.0,-6.47,descent
1803,8.71593,23,113,557.2,-6.36,descent
1804,8.72226,0,112,556.8,-6.16,descent
1805,8.72865,0,112,556.0,-6.06,descent
1806,8.7351,0,112,555.8,-5.97,descent
1807,8.74157,0,112,555.4,-5.88,descent
1808,8.74818,0,112,555.0,-5.79,descent
1809,8.75488,56,112,554.6,-5.75,descent
1810,8.76178,130,113,554.4,-5.64,descent
1811,8.76871,119,113,554.0,-5.54,descent
1812,8.77586,119,114,554.0,-5.3,descent
1813,8.78312,124,115,553.6,-5.2,descent
1814,8.7905,146,116,553.4,-5.0,descent
1815,8.79802,146,116,553.0,-4.93,descent
1816,8.80564,145,117,553.0,-4.67,descent
1817,8.8134,172,118,552.6,-4.56,descent
1818,8.82127,138,118,552.6,-4.31,descent
1819,8.82914,126,119,552.6,-4.21,descent
1820,8.83717,133,120,552.4,-3.96,descent
1821,8.84519,130,120,552.6,-3.91,descent
1822,8.85325,133,121,552.4,-3.66,descent
1823,8.86123,134,122,552.4,-3.64,descent
1824,8.86896,0,122,552.2,-3.53,descent
1825,8.87616,0,123,552.0,-3.42,descent
1826,8.88301,0,122,552.0,-3.2,descent
1827,8.88945,0,122,551.8,-3.13,descent
1828,8.8956,0,122,551.8,-3.02,descent
1829,8.90147,0,122,551.8,-2.82,flat
1830,8.90721,0,121,551.8,-2.82,flat
1831,8.91275,0,121,551.8,-2.62,flat
1832,8.91822,0,120,551.8,-2.75,flat
1833,8.92359,0,119,552.0,-2.64,flat
1834,8.92889,0,119,552.0,-2.63,flat
1835,8.93408,8,119,552.2,-2.43,flat
1836,8.93938,106,118,552.2,-2.43,flat
1837,8.9447,102,119,552.4,-2.33,flat
1838,8.94953,0,118,552.4,-2.24,flat
1839,8.95436,0,118,552.4,-2.16,flat
1840,8.95976,0,118,552.4,-2.11,flat
1841,8.96555,42,118,552.4,-1.98,flat
1842,8.97157,88,118,552.4,-1.89,flat
1843,8.97793,51,119,552.4,-1.76,flat
1844,8.98453,56,118,552.4,-1.58,flat
1845,8.99121,83,119,552.2,-1.44,flat
1846,8.998,0,119,552.2,-1.4,flat
1847,9.00497,0,118,552.0,-1.31,flat
1848,9.0122,0,118,552.0,-1.26,flat
1849,9.01988,0,118,552.0,-1.26,flat
1850,9.02787,0,117,551.8,-1.22,flat
1851,9.03644,0,117,551.6,-1.27,flat
1852,9.04529,0,116,551.4,-1.22,flat
1853,9.05445,0,115,551.0,-1.22,flat
1854,9.06381,0,115,550.6,-1.22,flat
1855,9.07333,0,114,550.2,-1.22,flat
1856,9.08291,0,114,549.6,-1.31,flat
1857,9.09252,0,113,549.2,-1.3,flat
1858,9.10213,0,112,548.4,-1.39,flat
1859,9.11158,0,111,548.0,-1.43,flat
1860,9.12085,4,111,547.4,-1.47,flat
1861,9.13005,88,111,547.2,-1.46,flat
1862,9.13925,147,110,546.2,-1.51,flat
1863,9.14803,159,111,545.8,-1.55,flat
1864,9.1564,151,111,545.4,-1.54,flat
1865,9.16428,180,112,545.4,-1.58,flat
1866,9.17176,205,113,545.2,-1.53,flat
1867,9.17846,200,114,545.2,-1.53,flat
1868,9.18491,146,115,545.2,-1.53,flat
1869,9.19104,167,116,545.2,-1.39,flat
1870,9.19703,170,117,545.2,-1.39,flat
1871,9.20296,131,118,545.4,-1.35,flat
1872,9.20901,149,119,545.8,-1.3,flat
1873,9.21526,135,119,546.0,-1.26,flat
1874,9.22179,135,120,546.6,-1.17,flat
1875,9.22854,119,120,546.8,-1.04,flat
1876,9.23546,93,121,547.0,-1.04,flat
1877,9.24244,0,121,547.0,-0.96,flat
1878,9.24945,0,121,547.2,-0.92,flat
1879,9.25648,0,121,547.2,-0.83,flat
1880,9.26363,0,121,547.2,-0.74,flat
1881,9.2711,135,120,547.2,-0.7,flat
1882,9.2788,107,120,547.2,-0.66,flat
1883,9.28671,98,120,547.2,-0.56,flat
1884,9.29482,110,120,547.0,-0.47,flat
1885,9.30302,122,119,546.8,-0.38,flat
1886,9.31129,111,119,546.4,-0.24,flat
1887,9.31947,154,119,546.2,-0.19,flat
1888,9.32739,124,119,545.8,-0.09,flat
1889,9.33509,133,119,545.6,-0.19,flat
1890,9.34253,181,119,545.4,-0.14,flat
1891,9.34987,214,119,545.4,-0.33,flat
1892,9.35672,204,119,545.2,-0.23,flat
1893,9.36339,200,120,545.2,-0.47,flat
1894,9.36997,208,121,545.2,-0.47,flat
1895,9.37631,202,121,545.2,-0.7,flat
1896,9.38255,242,122,545.4,-0.74,flat
1897,9.38863,230,123,545.6,-0.92,flat
1898,9.39456,213,123,545.6,-0.97,flat
1899,9.4003,182,124,546.2,-1.06,flat
1900,9.40593,193,125,546.2,-1.11,flat
1901,9.41151,167,125,546.4,-1.2,flat
1902,9.41703,199,126,546.6,-1.34,flat
1903,9.42257,196,126,546.8,-1.48,flat
1904,9.428,148,127,547.2,-1.67,flat
1905,9.43329,103,128,547.6,-1.82,flat
1906,9.43849,140,128,547.6,-1.91,flat
1907,9.44369,100,128,547.8,-2.01,flat
1908,9.44883,109,129,548.0,-2.21,flat
1909,9.45407,38,129,548.4,-2.35,flat
1910,9.45947,0,129,548.6,-2.5,flat
1911,9.46522,0,129,548.6,-2.55,flat
1912,9.47183,0,129,548.6,-2.74,flat
1913,9.47952,0,129,548.6,-2.78,flat
1914,9.48845,0,129,548.6,-2.97,flat
1915,9.49746,0,129,548.6,-3.0,flat
1916,9.50666,0,129,548.6,-3.13,descent
1917,9.5164,0,129,548.4,-3.18,descent
1918,9.52642,0,128,548.0,-3.37,descent
1919,9.53652,0,128,547.2,-3.43,descent
1920,9.54665,0,128,546.8,-3.67,descent
1921,9.55657,0,127,545.8,-3.82,descent
1922,9.56618,0,126,545.2,-3.98,descent
1923,9.57566,0,126,543.8,-4.14,descent
1924,9.58523,0,125,543.4,-4.37,descent
1925,9.59405,0,124,542.4,-4.46,descent
1926,9.60252,0,123,542.0,-4.64,descent
1927,9.61105,0,122,541.2,-4.72,descent
1928,9.61874,0,121,541.0,-4.79,descent
1929,9.62514,0,120,540.6,-4.95,descent
1930,9.63073,0,120,540.4,-5.01,descent
1931,9.63555,0,119,540.2,-5.1,descent
1932,9.64083,0,118,540.0,-5.19,descent
1933,9.64664,0,117,539.6,-5.23,descent
1934,9.65207,0,117,539.4,-5.36,descent
1935,9.65762,0,116,539.0,-5.49,descent
1936,9.66366,0,116,538.8,-5.57,descent
1937,9.66941,0,116,538.4,-5.65,descent
1938,9.67566,0,116,537.8,-5.78,descent
1939,9.68169,0,116,537.2,-5.91,descent
1940,9.68752,0,115,536.6,-6.04,descent
1941,9.6942,0,115,536.4,-6.09,descent
1942,9.70194,0,115,535.6,-6.11,descent
1943,9.71044,0,114,535.4,-6.14,descent
1944,9.71955,0,114,534.4,-6.19,descent
1945,9.7292,0,113,534.0,-6.3,descent
1946,9.73891,0,113,533.0,-6.35,descent
1947,9.74724,0,113,532.6,-6.37,descent
1948,9.75454,0,113,531.4,-6.3,descent
1949,9.7613,0,113,531.0,-6.12,descent
1950,9.76742,0,112,529.8,-6.05,descent
1951,9.77354,0,112,529.2,-5.8,descent
1952,9.77903,0,112,528.4,-5.71,descent
1953,9.78328,0,112,527.8,-5.4,descent
1954,9.78638,0,112,527.0,-5.31,descent
1955,9.78915,0,112,526.8,-5.09,descent
1956,9.79183,0,112,526.4,-5.09,descent
1957,9.79521,0,111,526.4,-4.91,descent
1958,9.7993,0,111,526.2,-4.88,descent
1959,9.80408,0,111,526.2,-4.82,descent
1960,9.80941,0,111,526.0,-4.75,descent
1961,9.8151,0,111,525.8,-4.78,descent
1962,9.82128,0,111,525.6,-4.78,descent
1963,9.82783,122,111,525.6,-4.71,descent
1964,9.83462,122,111,525.4,-4.75,descent
1965,9.84148,108,112,525.2,-4.79,descent
1966,9.84815,36,113,524.8,-4.85,descent
1967,9.85463,36,113,524.6,-4.84,descent
1968,9.86095,149,114,524.2,-4.71,descent
1969,9.86713,87,114,524.0,-4.7,descent
1970,9.87304,114,114,523.6,-4.63,descent
1971,9.87877,142,114,523.4,-4.74,descent
1972,9.88439,149,115,523.4,-4.63,descent
1973,9.88994,152,115,523.4,-4.81,descent
1974,9.89545,155,115,523.4,-4.67,descent
1975,9.90092,144,116,523.2,-4.82,descent
1976,9.90635,157,116,523.2,-4.63,descent
1977,9.91175,165,117,523.2,-4.71,descent
1978,9.91692,108,118,523.4,-4.48,descent
1979,9.92195,0,118,523.6,-4.58,descent
1980,9.92701,0,118,523.8,-4.34,descent
1981,9.9323,0,118,524.0,-4.39,descent
1982,9.93766,0,118,524.0,-4.26,descent
1983,9.9424,0,118,524.0,-4.18,descent
1984,9.94692,0,117,524.2,-4.03,descent
1985,9.95135,0,117,524.2,-4.1,descent
1986,9.95611,0,116,524.0,-4.06,descent
1987,9.96148,0,116,524.0,-4.3,descent
1988,9.96743,0,115,524.0,-4.23,descent
1989,9.97369,0,115,523.8,-4.43,descent
1990,9.98048,0,114,523.8,-4.49,descent
1991,9.98667,0,114,523.4,-4.65,descent
1992,9.99241,0,113,523.2,-4.71,descent
1993,9.99888,0,113,523.0,-4.94,descent
1994,10.0058,0,112,522.6,-5.0,descent
1995,10.0122,0,112,522.0,-5.12,descent
1996,10.0184,0,111,521.6,-5.07,descent
1997,10.0249,0,111,521.2,-5.36,descent
1998,10.0323,0,111,521.0,-5.38,descent
1999,10.0392,0,111,520.4,-5.56,descent
2000,10.0459,0,111,520.0,-5.57,descent
2001,10.0531,0,111,519.4,-5.8,descent
2002,10.0601,0,111,519.0,-6.04,descent
2003,10.0677,0,111,518.2,-6.16,descent
2004,10.0752,0,111,517.8,-6.29,descent
2005,10.0821,0,111,517.0,-6.37,descent
2006,10.0885,0,111,516.8,-6.61,descent
2007,10.0954,0,110,516.2,-6.73,descent
2008,10.1028,5,110,515.8,-7.02,descent
2009,10.1104,0,110,515.0,-7.13,descent
2010,10.1178,0,110,514.6,-7.41,descent
2011,10.1247,0,110,513.8,-7.52,descent
2012,10.131,0,111,513.4,-7.64,descent
2013,10.1371,0,110,513.0,-7.63,descent
2014,10.1438,0,110,512.6,-7.8,descent
2015,10.1503,13,110,512.0,-7.8,descent
2016,10.1567,0,110,511.6,-7.87,descent
2017,10.1627,0,109,510.6,-7.95,descent
2018,10.1684,0,109,510.6,-8.1,descent
2019,10.1739,0,108,509.8,-8.15,descent
2020,10.1793,0,108,509.4,-8.45,descent
2021,10.1852,0,108,508.6,-8.45,descent
2022,10.191,0,108,508.2,-8.55,descent
2023,10.1965,0,108,507.4,-8.74,descent
2024,10.2028,0,108,507.0,-8.82,descent
2025,10.209,0,108,506.4,-8.83,descent
2026,10.2149,0,107,506.2,-9.01,descent
2027,10.2203,0,107,505.0,-8.95,descent
2028,10.2255,0,106,504.6,-9.23,descent
2029,10.2305,0,106,503.8,-9.2,descent
2030,10.2355,0,106,503.4,-9.34,descent
2031,10.2406,0,107,502.4,-9.29,descent
2032,10.2456,0,107,501.6,-9.47,descent
2033,10.2503,0,107,501.2,-9.42,descent
2034,10.2546,0,106,500.8,-9.7,descent
2035,10.259,0,106,500.4,-9.64,descent
2036,10.2635,0,105,499.6,-9.89,descent
2037,10.2682,0,105,499.2,-9.81,descent
2038,10.2729,0,104,498.4,-10.02,descent
2039,10.278,0,104,498.2,-9.98,descent
2040,10.2834,0,104,497.4,-10.18,descent
2041,10.2887,0,104,497.2,-10.09,descent
2042,10.2937,0,104,496.8,-10.25,descent
2043,10.2987,0,104,496.8,-10.28,descent
2044,10.3034,0,104,496.4,-10.39,descent
2045,10.3077,0,104,496.4,-10.51,descent
2046,10.3121,0,104,496.0,-10.56,descent
2047,10.3163,0,104,495.8,-10.69,descent
2048,10.3206,0,104,495.4,-10.95,descent
2049,10.3246,0,104,495.2,-10.87,descent
2050,10.3285,0,104,494.4,-11.01,descent
2051,10.3324,0,105,494.2,-11.11,descent
2052,10.3362,0,105,493.8,-11.21,descent
2053,10.3399,0,105,493.2,-11.2,descent
2054,10.3436,0,105,492.8,-11.2,descent
2055,10.3474,0,105,492.4,-11.35,descent
2056,10.3514,0,105,491.6,-11.49,descent
2057,10.3555,0,105,491.6,-11.24,descent
2058,10.3594,0,105,490.8,-11.14,descent
2059,10.3631,0,105,490.6,-11.16,descent
2060,10.3671,0,105,490.0,-11.15,descent
2061,10.3717,0,105,489.8,-10.93,descent
2062,10.377,0,105,489.0,-10.78,descent
2063,10.382,0,105,488.6,-10.77,descent
2064,10.3867,0,105,487.6,-10.68,descent
2065,10.3911,0,105,487.2,-10.74,descent
2066,10.3959,0,105,486.4,-10.56,descent
2067,10.4011,0,106,486.2,-10.59,descent
2068,10.4062,0,106,485.4,-10.25,descent
2069,10.411,0,106,485.0,-10.45,descent
2070,10.4165,0,106,484.2,-10.3,descent
2071,10.4221,0,106,483.8,-10.53,descent
2072,10.4276,0,106,483.0,-10.48,descent
2073,10.4329,0,106,482.6,-10.86,descent
2074,10.4382,0,105,482.0,-10.88,descent
2075,10.4434,0,105,481.2,-11.17,descent
2076,10.4483,0,105,480.8,-11.22,descent
2077,10.4528,0,105,479.6,-11.4,descent
2078,10.4571,0,105,479.0,-11.23,descent
2079,10.461,0,105,478.6,-11.34,descent
2080,10.4645,0,105,478.0,-11.15,descent
2081,10.4678,0,104,477.2,-11.26,descent
2082,10.4711,0,104,476.8,-11.2,descent
2083,10.475,0,103,476.2,-11.21,descent
2084,10.4797,0,103,476.0,-11.07,descent
2085,10.4839,0,103,475.2,-11.08,descent
2086,10.4881,0,103,474.8,-11.0,descent
2087,10.4925,0,104,474.4,-11.07,descent
2088,10.4967,0,104,474.4,-10.93,descent
2089,10.5012,0,105,473.6,-10.93,descent
2090,10.5064,0,105,473.2,-10.94,descent
2091,10.5115,0,105,472.8,-11.0,descent
2092,10.5165,0,105,472.4,-10.82,descent
2093,10.5213,0,105,472.0,-10.91,descent
2094,10.5261,0,104,471.8,-10.93,descent
2095,10.531,0,104,471.2,-11.02,descent
2096,10.5362,0,104,470.8,-10.97,descent
2097,10.5421,0,104,470.2,-11.0,descent
2098,10.548,0,105,470.2,-10.83,descent
2099,10.5536,0,105,469.4,-10.79,descent
2100,10.559,0,106,469.0,-10.78,descent
2101,10.564,0,106,468.2,-10.84,descent
2102,10.5686,0,107,468.0,-10.88,descent
2103,10.573,0,107,467.0,-10.85,descent
2104,10.5774,0,107,466.6,-10.96,descent
2105,10.5816,0,107,465.8,-10.78,descent
2106,10.5866,0,107,465.2,-10.96,descent
2107,10.5918,0,107,464.4,-10.63,descent
2108,10.5967,0,107,464.4,-10.73,descent
2109,10.6016,0,107,463.8,-10.66,descent
2110,10.6065,0,108,463.4,-10.64,descent
2111,10.6113,0,108,462.8,-10.38,descent
2112,10.6165,0,108,462.4,-10.41,descent
2113,10.6219,0,108,461.6,-10.33,descent
2114,10.6272,0,107,461.4,-10.41,descent
2115,10.6326,0,107,460.8,-10.25,descent
2116,10.6386,0,108,460.0,-10.24,descent
2117,10.6446,0,108,459.6,-10.17,descent
2118,10.6504,0,108,459.0,-10.46,descent
2119,10.656,0,108,458.6,-10.27,descent
2120,10.6613,0,108,457.8,-10.29,descent
2121,10.6663,0,108,457.4,-10.3,descent
2122,10.6709,0,108,457.2,-10.31,descent
2123,10.6753,0,108,456.6,-10.26,descent
2124,10.6794,0,108,455.6,-10.44,descent
2125,10.6832,0,109,455.0,-10.34,descent
2126,10.6877,0,109,454.4,-10.31,descent
2127,10.692,0,109,454.2,-10.3,descent
2128,10.6962,0,109,454.0,-10.57,descent
2129,10.7002,0,109,453.8,-10.48,descent
2130,10.7041,0,108,453.2,-10.6,descent
2131,10.7082,0,108,452.8,-10.5,descent
2132,10.7126,0,108,452.0,-10.54,descent
2133,10.7168,0,109,451.8,-10.43,descent
2134,10.7211,0,108,451.0,-10.37,descent
2135,10.7253,0,108,450.8,-10.21,descent
2136,10.7293,0,107,450.0,-10.07,descent
2137,10.7331,0,107,449.8,-10.0,descent
2138,10.7368,0,107,449.0,-10.04,descent
2139,10.7405,0,107,448.8,-9.93,descent
2140,10.7447,0,107,448.2,-9.84,descent
2141,10.7492,0,107,448.0,-9.77,descent
2142,10.7536,0,107,447.4,-9.81,descent
2143,10.7577,0,107,447.0,-9.79,descent
2144,10.7621,0,106,446.6,-9.83,descent
2145,10.7667,0,106,446.2,-9.93,descent
2146,10.7714,0,106,445.8,-9.87,descent
2147,10.7758,0,106,445.6,-10.05,descent
2148,10.7797,0,106,444.8,-9.94,descent
2149,10.7836,0,106,444.6,-10.07,descent
2150,10.7881,0,107,444.2,-9.87,descent
2151,10.7931,0,107,443.8,-9.87,descent
2152,10.7979,0,107,443.4,-9.9,descent
2153,10.8019,0,107,443.2,-9.92,descent
2154,10.8057,0,107,442.6,-9.64,descent
2155,10.8094,0,106,442.4,-9.59,descent
2156,10.8137,0,107,442.2,-9.41,descent
2157,10.8179,0,107,441.8,-9.55,descent
2158,10.8223,0,107,441.2,-9.51,descent
2159,10.8265,0,107,440.8,-9.76,descent
2160,10.8306,0,107,440.2,-9.58,descent
2161,10.8344,0,107,439.8,-9.7,descent
2162,10.8381,0,107,439.6,-9.55,descent
2163,10.8415,0,107,439.0,-9.61,descent
2164,10.8454,0,107,438.8,-9.39,descent
2165,10.8499,0,107,438.4,-9.68,descent
2166,10.8548,0,107,438.2,-9.52,descent
2167,10.8597,0,107,437.6,-9.58,descent
2168,10.8655,0,107,437.4,-9.39,descent
2169,10.8714,0,108,437.0,-9.49,descent
2170,10.8767,0,108,436.8,-9.32,descent
2171,10.8815,0,108,436.4,-9.54,descent
2172,10.8857,0,107,436.0,-9.4,descent
2173,10.8895,0,107,435.4,-9.53,descent
2174,10.8937,0,107,435.2,-9.59,descent
2175,10.8985,0,107,434.4,-9.59,descent
2176,10.904,0,107,433.8,-9.74,descent
2177,10.9092,0,108,433.0,-9.73,descent
2178,10.9139,0,108,432.8,-9.63,descent
2179,10.9182,0,108,432.2,-9.62,descent
2180,10.9227,0,108,432.0,-9.85,descent
2181,10.9277,0,108,431.6,-9.82,descent
2182,10.9336,0,108,431.2,-9.87,descent
2183,10.9393,0,108,430.4,-9.91,descent
2184,10.9449,0,108,430.0,-9.88,descent
2185,10.9502,0,108,429.4,-9.94,descent
2186,10.9554,0,108,429.2,-10.09,descent
2187,10.9602,0,108,428.6,-10.01,descent
2188,10.9655,0,108,428.4,-9.99,descent
2189,10.9707,0,108,427.4,-9.87,descent
2190,10.9756,0,108,427.2,-9.83,descent
2191,10.9803,0,108,426.4,-9.78,descent
2192,10.9848,0,108,426.0,-9.87,descent
2193,10.9893,0,108,425.6,-9.67,descent
2194,10.9936,0,108,425.4,-9.72,descent
2195,10.9979,0,108,424.4,-9.66,descent
2196,11.0023,0,107,424.0,-9.89,descent
2197,11.0066,0,107,423.6,-9.74,descent
2198,11.0115,0,107,423.2,-9.92,descent
2199,11.0167,0,107,422.6,-9.97,descent
2200,11.0215,0,107,422.4,-10.29,descent
2201,11.026,0,107,421.6,-10.25,descent
2202,11.0303,0,107,421.4,-10.25,descent
2203,11.0348,0,107,420.6,-10.16,descent
2204,11.0394,0,107,420.0,-10.23,descent
2205,11.044,0,107,419.6,-10.12,descent
2206,11.0485,0,107,418.8,-10.25,descent
2207,11.0534,0,107,418.6,-10.07,descent
2208,11.058,0,106,418.0,-10.21,descent
2209,11.0622,0,106,417.8,-10.11,descent
2210,11.0663,0,106,416.8,-10.31,descent
2211,11.07,0,106,416.6,-10.26,descent
2212,11.0736,0,106,416.2,-10.4,descent
2213,11.0783,0,106,415.8,-10.21,descent
2214,11.083,0,106,415.2,-10.38,descent
2215,11.0872,0,106,414.8,-10.32,descent
2216,11.0912,0,106,414.2,-10.5,descent
2217,11.0957,0,106,414.0,-10.55,descent
2218,11.1006,0,105,413.4,-10.63,descent
2219,11.1061,0,105,413.2,-10.56,descent
2220,11.1114,0,106,412.6,-10.65,descent
2221,11.1166,0,106,412.2,-10.65,descent
2222,11.1218,0,106,411.6,-10.65,descent
2223,11.1268,0,106,411.4,-10.71,descent
2224,11.1313,0,107,411.0,-10.66,descent
2225,11.1355,0,106,410.8,-10.47,descent
2226,11.1399,0,106,410.0,-10.44,descent
2227,11.145,0,106,409.8,-10.56,descent
2228,11.1498,0,107,409.2,-10.57,descent
2229,11.1543,0,107,408.8,-10.53,descent
2230,11.1585,0,107,407.8,-10.62,descent
2231,11.1626,0,107,407.6,-10.63,descent
2232,11.1667,0,107,407.2,-10.69,descent
2233,11.171,0,107,406.8,-10.74,descent
2234,11.1751,0,107,406.4,-10.58,descent
2235,11.1791,0,107,406.0,-10.57,descent
2236,11.1831,0,107,405.2,-10.34,descent
2237,11.1873,0,106,405.0,-10.56,descent
2238,11.1921,0,107,404.4,-10.46,descent
2239,11.1972,0,107,404.0,-10.72,descent
2240,11.202,0,107,403.2,-10.55,descent
2241,11.2064,0,107,403.0,-10.73,descent
2242,11.2106,0,107,402.4,-10.61,descent
2243,11.2155,0,107,402.2,-10.67,descent
2244,11.2205,0,106,401.4,-10.66,descent
2245,11.2253,0,106,401.0,-10.71,descent
2246,11.2297,0,107,400.4,-10.59,descent
2247,11.235,0,107,399.6,-10.68,descent
2248,11.2403,0,107,399.2,-10.67,descent
2249,11.2452,0,107,398.4,-10.9,descent
2250,11.2499,0,107,398.0,-10.85,descent
2251,11.2545,0,107,397.2,-10.97,descent
2252,11.2591,0,107,396.8,-10.89,descent
2253,11.2638,0,107,396.2,-11.24,descent
2254,11.2693,0,107,396.0,-11.24,descent
2255,11.2749,0,107,395.4,-11.43,descent
2256,11.2802,0,107,395.0,-11.29,descent
2257,11.2851,0,107,394.2,-11.44,descent
2258,11.2896,0,107,393.8,-11.32,descent
2259,11.2941,0,107,393.4,-11.4,descent
2260,11.2984,0,107,393.0,-11.06,descent
2261,11.3027,0,106,392.2,-11.08,descent
2262,11.3071,0,106,391.8,-11.12,descent
2263,11.3123,0,106,390.8,-11.09,descent
2264,11.3173,0,106,390.6,-11.06,descent
2265,11.3222,0,106,390.2,-11.03,descent
2266,11.3269,0,106,390.0,-10.92,descent
2267,11.3318,0,106,389.2,-10.88,descent
2268,11.3372,0,106,388.8,-10.86,descent
2269,11.3421,0,107,387.8,-10.78,descent
2270,11.3468,0,106,387.2,-10.54,descent
2271,11.3515,0,106,386.4,-10.42,descent
2272,11.3564,0,106,386.2,-10.21,descent
2273,11.3613,0,106,385.6,-10.09,descent
2274,11.3663,0,105,385.0,-9.84,descent
2275,11.3711,0,105,384.4,-9.64,descent
2276,11.3765,0,104,384.0,-9.5,descent
2277,11.3821,0,105,383.4,-9.18,descent
2278,11.3873,0,105,382.8,-9.13,descent
2279,11.3923,0,105,382.0,-8.81,descent
2280,11.397,0,106,381.6,-8.74,descent
2281,11.4011,0,106,381.0,-8.54,descent
2282,11.4047,0,107,380.8,-8.47,descent
2283,11.4079,0,107,379.8,-8.29,descent
2284,11.4107,0,107,379.6,-8.31,descent
2285,11.4137,0,107,379.0,-8.15,descent
2286,11.4179,0,108,378.6,-8.11,descent
2287,11.4229,0,109,378.0,-7.82,descent
2288,11.4289,0,109,377.6,-7.83,descent
2289,11.435,0,109,376.8,-7.71,descent
2290,11.4407,0,109,376.6,-7.59,descent
2291,11.4461,0,108,376.2,-7.35,descent
2292,11.4509,0,107,375.6,-7.17,descent
2293,11.4559,0,107,375.2,-6.84,descent
2294,11.4609,0,106,374.8,-6.8,descent
2295,11.4657,0,106,374.4,-6.64,descent
2296,11.4706,0,105,373.8,-6.6,descent
2297,11.4758,71,106,373.6,-6.33,descent
2298,11.4812,70,106,373.0,-6.25,descent
2299,11.4867,70,107,372.8,-5.93,descent
2300,11.4924,0,107,372.6,-5.78,descent
2301,11.4982,0,108,372.6,-5.52,descent
2302,11.5044,0,109,372.4,-5.49,descent
2303,11.5107,0,109,372.4,-5.4,descent
2304,11.5172,0,110,372.2,-5.26,descent
2305,11.524,31,109,372.2,-5.11,descent
2306,11.5308,10,109,371.8,-5.08,descent
2307,11.5377,10,110,371.8,-4.95,descent
2308,11.5448,10,110,371.4,-4.76,descent
2309,11.5518,0,110,371.4,-4.56,descent
2310,11.5589,0,110,371.0,-4.42,descent
2311,11.5661,0,111,370.6,-4.22,descent
2312,11.5731,93,111,370.2,-4.18,descent
2313,11.58,0,111,370.0,-3.87,descent
2314,11.587,0,110,369.6,-3.77,descent
2315,11.5938,0,109,369.4,-3.62,descent
2316,11.6006,0,109,369.0,-3.54,descent
2317,11.6074,14,108,369.0,-3.36,descent
2318,11.6142,90,108,368.4,-3.3,descent
2319,11.621,126,107,368.2,-3.13,descent
2320,11.6279,101,107,368.0,-3.06,descent
2321,11.6347,87,107,367.8,-2.99,flat
2322,11.6417,98,108,367.8,-2.82,flat
2323,11.6487,89,108,367.8,-2.75,flat
2324,11.6557,0,109,367.6,-2.63,flat
2325,11.6625,0,109,367.6,-2.56,flat
2326,11.6693,0,109,367.4,-2.4,flat
2327,11.6761,0,108,367.4,-2.38,flat
2328,11.6829,0,108,367.2,-2.22,flat
2329,11.6896,0,108,367.2,-2.21,flat
2330,11.6963,0,107,367.0,-2.19,flat
2331,11.7031,0,107,367.0,-2.22,flat
2332,11.71,0,107,366.8,-2.21,flat
2333,11.717,185,108,366.4,-2.19,flat
2334,11.724,97,108,366.2,-2.18,flat
2335,11.7311,105,108,366.0,-2.21,flat
2336,11.7384,127,110,365.6,-2.12,flat
2337,11.7458,140,110,365.4,-2.24,flat
2338,11.7531,131,111,365.4,-2.14,flat
2339,11.7606,124,112,365.2,-2.26,flat
2340,11.7681,106,113,365.2,-2.2,flat
2341,11.7756,105,114,365.2,-2.15,flat
2342,11.7831,91,115,365.0,-2.1,flat
2343,11.7907,108,115,365.0,-2.09,flat
2344,11.7983,128,116,365.0,-2.08,flat
2345,11.806,118,116,364.8,-2.07,flat
2346,11.8137,103,117,364.6,-2.02,flat
2347,11.8216,118,117,364.6,-2.09,flat
2348,11.8295,129,118,364.4,-1.96,flat
2349,11.8375,94,118,364.2,-1.95,flat
2350,11.8455,49,119,364.2,-1.98,flat
2351,11.8536,166,119,364.0,-2.01,flat
2352,11.862,95,119,364.0,-1.96,flat
2353,11.8703,132,120,363.8,-2.07,flat
2354,11.8786,129,120,363.8,-2.07,flat
2355,11.8871,150,120,363.6,-2.1,flat
2356,11.8957,144,120,363.6,-2.09,flat
2357,11.9044,110,121,363.4,-2.08,flat
2358,11.913,122,121,363.4,-2.07,flat
2359,11.9217,127,121,363.2,-2.09,flat
2360,11.9304,119,121,363.0,-2.12,flat
2361,11.9392,96,122,362.8,-2.11,flat
2362,11.9482,81,122,362.6,-2.14,flat
2363,11.9573,81,123,362.6,-2.06,flat
2364,11.9664,88,123,362.4,-2.09,flat
2365,11.9756,87,123,362.2,-2.04,flat
2366,11.9847,87,123,362.2,-2.04,flat
2367,11.9938,104,123,361.6,-1.99,flat
2368,12.003,92,123,361.6,-2.02,flat
2369,12.0122,92,123,361.0,-2.02,flat
2370,12.0215,100,123,360.8,-2.05,flat
2371,12.0307,94,123,360.6,-2.05,flat
2372,12.0401,94,123,360.4,-2.01,flat
2373,12.0494,84,123,360.2,-2.04,flat
2374,12.0586,30,124,359.8,-2.04,flat
2375,12.0677,74,124,359.6,-2.0,flat
2376,12.0769,76,124,359.4,-1.99,flat
2377,12.086,86,124,359.0,-1.99,flat
2378,12.095,104,123,359.0,-1.96,flat
2379,12.104,109,123,358.8,-1.96,flat
2380,12.113,118,123,358.4,-1.96,flat
2381,12.1222,133,123,358.0,-1.93,flat
2382,12.1313,115,124,358.2,-1.94,flat
2383,12.1405,93,124,357.6,-1.91,flat
2384,12.1496,79,124,357.4,-1.95,flat
2385,12.1587,81,124,357.2,-1.92,flat
2386,12.168,101,124,357.0,-1.93,flat
2387,12.1772,105,124,357.0,-1.89,flat
2388,12.1865,113,124,356.8,-1.9,flat
2389,12.1958,116,125,356.6,-1.9,flat
2390,12.205,133,125,356.2,-1.86,flat
2391,12.2142,99,125,356.2,-1.83,flat
2392,12.2232,109,125,355.8,-1.83,flat
2393,12.2323,127,125,355.8,-1.87,flat
2394,12.2413,132,125,355.4,-1.88,flat
2395,12.2502,139,125,355.4,-1.88,flat
2396,12.2592,146,126,355.0,-1.96,flat
2397,12.268,151,126,355.0,-1.85,flat
2398,12.2767,141,126,354.8,-1.89,flat
2399,12.2855,137,126,354.6,-1.85,flat
2400,12.2942,139,126,354.4,-1.85,flat
2401,12.3029,132,127,354.4,-1.85,flat
2402,12.3116,129,127,354.4,-1.81,flat
2403,12.3201,111,127,354.2,-1.81,flat
2404,12.3286,126,128,354.2,-1.78,flat
2405,12.337,0,127,354.2,-1.78,flat
2406,12.3451,0,128,354.0,-1.74,flat
2407,12.353,0,127,354.0,-1.7,flat
2408,12.3608,0,127,354.0,-1.74,flat
2409,12.3683,0,127,353.8,-1.74,flat
2410,12.3756,27,126,353.8,-1.67,flat
2411,12.3825,0,126,353.8,-1.63,flat
2412,12.3886,0,125,353.8,-1.67,flat
2413,12.3947,0,125,353.8,-1.56,flat
2414,12.4009,0,124,353.6,-1.52,flat
2415,12.4075,15,124,353.6,-1.52,flat
2416,12.4146,133,124,353.6,-1.48,flat
2417,12.422,152,124,353.6,-1.49,flat
2418,12.4295,183,123,353.6,-1.45,flat
2419,12.4373,136,123,353.4,-1.45,flat
2420,12.4452,111,124,353.4,-1.37,flat
2421,12.4532,106,124,353.4,-1.38,flat
2422,12.4612,119,124,353.2,-1.3,flat
2423,12.4694,128,124,353.0,-1.3,flat
2424,12.4777,140,124,352.8,-1.23,flat
2425,12.486,137,124,352.6,-1.31,flat
2426,12.4946,136,124,352.2,-1.28,flat
2427,12.5032,169,124,352.2,-1.32,flat
2428,12.5121,154,124,352.0,-1.32,flat
2429,12.5209,131,124,351.6,-1.29,flat
2430,12.5298,155,125,351.4,-1.29,flat
2431,12.5387,127,124,351.2,-1.29,flat
2432,12.5476,112,124,351.2,-1.3,flat
2433,12.5565,122,124,351.0,-1.26,flat
2434,12.5653,128,124,350.8,-1.26,flat
2435,12.5741,116,124,350.6,-1.26,flat
2436,12.5828,117,124,350.6,-1.22,flat
2437,12.5914,141,124,350.4,-1.22,flat
2438,12.6,111,124,350.2,-1.22,flat
2439,12.6085,124,124,350.0,-1.18,flat
2440,12.6171,115,125,350.0,-1.18,flat
2441,12.6254,122,125,349.8,-1.19,flat
2442,12.6337,127,125,349.8,-1.18,flat
2443,12.642,122,125,349.8,-1.14,flat
2444,12.6503,126,125,349.8,-1.06,flat
2445,12.6587,139,125,349.6,-1.02,flat
2446,12.6671,147,125,349.6,-0.98,flat
2447,12.6755,123,125,349.6,-0.9,flat
2448,12.6837,131,125,349.6,-0.82,flat
2449,12.6918,0,125,349.4,-0.74,flat
2450,12.6998,0,125,349.4,-0.66,flat
2451,12.7077,0,125,349.4,-0.58,flat
2452,12.7153,0,124,349.4,-0.45,flat
2453,12.7228,0,124,349.4,-0.36,flat
2454,12.7303,60,123,349.4,-0.27,flat
2455,12.7378,129,122,349.0,-0.18,flat
2456,12.7452,95,122,348.8,0.0,flat
2457,12.7527,112,122,348.6,0.0,flat
2458,12.7601,122,122,348.4,0.19,flat
2459,12.7677,123,122,348.4,0.34,flat
2460,12.7752,123,123,348.2,0.49,flat
2461,12.7827,140,123,348.2,0.55,flat
2462,12.7902,149,123,348.2,0.71,flat
2463,12.7977,151,122,348.2,0.82,flat
2464,12.8052,149,122,348.2,0.99,flat
2465,12.8127,158,123,348.2,1.11,flat
2466,12.82,186,123,348.2,1.23,flat
2467,12.8272,207,123,348.2,1.41,flat
2468,12.8344,232,123,348.2,1.65,flat
2469,12.8415,206,123,348.2,1.79,flat
2470,12.8485,209,123,348.2,1.92,flat
2471,12.855,142,124,348.2,2.0,flat
2472,12.8612,182,124,348.2,2.09,flat
2473,12.867,189,125,348.4,2.17,flat
2474,12.8726,188,126,348.6,2.31,flat
2475,12.8776,153,126,348.8,2.46,flat
2476,12.8824,120,126,349.0,2.48,flat
2477,12.8868,217,127,349.4,2.5,flat
2478,12.8911,205,127,349.8,2.59,flat
2479,12.8954,239,126,350.0,2.69,flat
2480,12.8997,254,127,350.4,2.73,flat
2481,12.9039,239,127,350.8,2.7,flat
2482,12.9078,209,127,351.2,2.74,flat
2483,12.9116,228,127,351.4,2.78,flat
2484,12.9152,238,128,351.6,2.81,flat
2485,12.9187,270,128,351.8,2.91,flat
2486,12.9221,270,129,352.2,3.0,flat
2487,12.9256,321,129,352.2,3.02,climb
2488,12.9291,319,130,352.8,3.11,climb
2489,12.9324,319,130,353.0,3.13,climb
2490,12.9358,349,131,353.4,3.15,climb
2491,12.939,322,132,353.4,3.16,climb
2492,12.9423,316,132,354.0,3.1,climb
2493,12.9455,312,133,354.2,3.11,climb
2494,12.9488,320,133,354.6,2.97,flat
2495,12.9521,332,134,354.8,2.9,flat
2496,12.9557,308,135,355.2,2.9,flat
2497,12.9593,340,136,355.6,2.83,flat
2498,12.9631,227,136,356.2,2.82,flat
2499,12.9669,150,137,356.4,2.74,flat
2500,12.9707,108,138,356.8,2.66,flat
2501,12.9747,79,138,356.8,2.64,flat
2502,12.9788,82,139,357.0,2.55,flat
2503,12.9831,75,139,357.2,2.33,flat
2504,12.9878,0,140,357.6,2.1,flat
2505,12.9927,0,140,357.8,1.81,flat
2506,12.9977,0,140,357.8,1.67,flat
2507,13.0029,0,140,357.8,1.39,flat
2508,13.0077,0,140,358.0,1.25,flat
2509,13.0117,0,140,358.0,1.05,flat
2510,13.0153,0,139,358.0,0.91,flat
2511,13.0187,0,139,357.8,0.71,flat
2512,13.0221,0,139,357.8,0.58,flat
2513,13.0255,0,139,357.8,0.38,flat
2514,13.0294,16,138,357.8,0.25,flat
2515,13.0337,153,138,357.6,0.13,flat
2516,13.0384,115,138,357.6,0.0,flat
2517,13.0439,116,137,357.4,0.0,flat
2518,13.0494,41,137,357.4,-0.18,flat
2519,13.0553,31,137,357.4,-0.3,flat
2520,13.0613,32,136,357.2,-0.42,flat
2521,13.0676,52,136,357.2,-0.41,flat
2522,13.0741,90,136,357.0,-0.59,flat
2523,13.0809,108,136,357.0,-0.69,flat
2524,13.0879,0,135,356.6,-0.8,flat
2525,13.0952,0,135,356.4,-0.9,flat
2526,13.1026,0,134,356.4,-1.0,flat
2527,13.1103,0,133,356.2,-1.16,flat
2528,13.1181,73,132,356.2,-1.37,flat
2529,13.1262,66,132,356.0,-1.41,flat
2530,13.1344,33,130,355.8,-1.51,flat
2531,13.1427,1,130,355.8,-1.49,flat
2532,13.151,0,129,355.6,-1.53,flat
2533,13.1593,0,129,355.2,-1.57,flat
2534,13.1675,0,128,354.8,-1.66,flat
2535,13.1754,0,127,354.2,-1.7,flat
2536,13.1823,0,126,354.0,-1.69,flat
2537,13.1888,0,125,353.6,-1.68,flat
2538,13.1953,0,124,353.6,-1.71,flat
2539,13.2013,0,122,353.2,-1.7,flat
2540,13.207,0,121,353.2,-1.73,flat
2541,13.2126,0,120,353.0,-1.71,flat
2542,13.218,5,119,353.0,-1.74,flat
2543,13.2235,66,118,352.6,-1.77,flat
2544,13.229,277,118,352.4,-1.8,flat
2545,13.2349,203,118,352.2,-1.73,flat
2546,13.2411,169,118,352.2,-1.77,flat
2547,13.2477,172,119,352.2,-1.75,flat
2548,13.2547,136,119,352.2,-1.74,flat
2549,13.2619,137,120,352.0,-1.73,flat
2550,13.2692,128,120,352.0,-1.72,flat
2551,13.2767,121,120,352.0,-1.75,flat
2552,13.284,131,121,352.0,-1.73,flat
2553,13.2914,133,121,351.8,-1.77,flat
2554,13.299,155,121,351.8,-1.75,flat
2555,13.3065,155,121,351.6,-1.74,flat
2556,13.314,146,121,351.6,-1.82,flat
2557,13.3212,50,122,351.4,-1.85,flat
2558,13.3282,50,122,351.2,-1.93,flat
2559,13.3354,184,122,351.2,-1.96,flat
2560,13.3426,151,122,351.2,-2.08,flat
2561,13.3498,149,122,351.2,-2.12,flat
2562,13.3573,134,123,351.2,-2.16,flat
2563,13.3648,107,123,351.2,-2.07,flat
2564,13.3724,98,123,351.2,-2.03,flat
2565,13.3803,94,123,351.2,-1.9,flat
2566,13.3882,90,123,351.2,-1.86,flat
2567,13.3963,89,123,351.2,-1.77,flat
2568,13.4045,96,123,351.2,-1.76,flat
2569,13.4125,105,123,351.2,-1.63,flat
2570,13.4205,114,123,351.0,-1.59,flat
2571,13.4284,97,123,350.8,-1.5,flat
2572,13.4363,103,123,350.6,-1.41,flat
2573,13.4443,113,123,350.4,-1.32,flat
2574,13.4524,115,123,350.2,-1.19,flat
2575,13.4606,95,124,350.2,-1.02,flat
2576,13.4689,16,124,350.0,-0.9,flat
2577,13.4773,16,123,349.8,-0.86,flat
2578,13.4859,18,123,349.8,-0.78,flat
2579,13.4949,49,123,349.8,-0.65,flat
2580,13.5042,122,122,349.6,-0.65,flat
2581,13.5139,102,122,349.4,-0.61,flat
2582,13.5238,108,122,349.2,-0.57,flat
2583,13.5339,112,122,349.0,-0.45,flat
2584,13.5441,114,122,348.6,-0.41,flat
2585,13.5545,139,122,348.4,-0.33,flat
2586,13.5646,143,122,348.0,-0.33,flat
2587,13.5748,153,122,347.6,-0.24,flat
2588,13.5849,158,123,347.2,-0.2,flat
2589,13.5949,179,123,346.8,-0.2,flat
2590,13.6045,213,123,346.0,-0.16,flat
2591,13.6141,234,124,345.8,-0.16,flat
2592,13.6232,234,124,345.4,-0.16,flat
2593,13.6319,221,125,345.4,-0.08,flat
2594,13.6403,213,126,345.2,-0.08,flat
2595,13.6484,232,127,345.2,-0.08,flat
2596,13.6562,255,127,345.2,-0.08,flat
2597,13.664,297,128,345.2,-0.08,flat
2598,13.6715,317,129,345.2,-0.08,flat
2599,13.6791,378,129,345.4,-0.08,flat
2600,13.6864,324,130,345.6,-0.04,flat
2601,13.6939,297,131,345.8,0.0,flat
2602,13.7012,321,132,346.2,0.04,flat
2603,13.7085,376,133,346.2,0.08,flat
2604,13.7157,323,133,346.6,0.12,flat
2605,13.723,297,134,347.2,0.12,flat
2606,13.7302,272,135,347.8,0.08,flat
2607,13.7375,256,136,348.0,0.08,flat
2608,13.7448,245,137,348.4,0.08,flat
2609,13.752,214,137,348.8,0.04,flat
2610,13.7592,251,138,348.8,0.04,flat
2611,13.7665,235,138,349.0,0.0,flat
2612,13.7738,235,139,349.2,0.0,flat
2613,13.7811,225,139,349.6,0.0,flat
2614,13.7885,211,139,349.8,0.04,flat
2615,13.7959,218,139,350.0,0.0,flat
2616,13.8034,218,140,350.0,0.04,flat
2617,13.8111,213,139,350.2,0.0,flat
2618,13.8188,188,140,350.2,0.08,flat
2619,13.8266,184,139,350.2,-0.04,flat
2620,13.8344,162,139,350.4,0.0,flat
2621,13.8421,158,139,350.4,0.0,flat
2622,13.8498,172,138,350.4,-0.08,flat
2623,13.8576,168,138,350.8,-0.12,flat
2624,13.8653,144,138,350.8,-0.23,flat
2625,13.8732,146,138,350.8,-0.31,flat
2626,13.8812,142,137,350.8,-0.45,flat
2627,13.8892,112,137,350.8,-0.52,flat
2628,13.8973,119,137,350.8,-0.63,flat
2629,13.9055,109,137,350.8,-0.77,flat
2630,13.914,112,137,350.8,-0.98,flat
2631,13.9226,117,137,350.8,-1.04,flat
2632,13.9311,130,137,350.8,-1.32,flat
2633,13.9398,55,138,350.8,-1.37,flat
2634,13.9484,14,138,350.8,-1.61,flat
2635,13.9573,69,138,350.8,-1.8,flat
2636,13.9663,90,138,350.4,-2.06,flat
2637,13.9754,79,138,350.2,-2.15,flat
2638,13.9847,82,138,350.2,-2.27,flat
2639,13.9943,65,138,350.0,-2.36,flat
2640,14.0041,80,138,349.8,-2.38,flat
2641,14.014,79,138,349.4,-2.43,flat
2642,14.0243,71,138,349.2,-2.46,flat
2643,14.0348,85,138,349.0,-2.51,flat
2644,14.0454,95,138,348.8,-2.53,flat
2645,14.0561,80,138,348.4,-2.56,flat
2646,14.0669,78,138,348.2,-2.55,flat
2647,14.0779,94,138,347.6,-2.57,flat
2648,14.0891,103,138,347.6,-2.57,flat
2649,14.1005,95,137,346.6,-2.56,flat
2650,14.1121,81,137,346.0,-2.59,flat
2651,14.1239,89,136,345.8,-2.56,flat
2652,14.1357,81,136,345.0,-2.49,flat
2653,14.1477,51,136,344.8,-2.52,flat
2654,14.1601,52,135,344.0,-2.45,flat
2655,14.1726,73,134,343.6,-2.42,flat
2656,14.1853,70,134,342.8,-2.36,flat
2657,14.1982,75,133,342.4,-2.33,flat
2658,14.2114,78,132,341.8,-2.27,flat
2659,14.2248,82,132,341.2,-2.27,flat
2660,14.238,110,131,340.2,-2.21,flat
2661,14.2511,135,131,340.0,-2.12,flat
2662,14.2638,137,130,338.8,-2.09,flat
2663,14.2763,139,130,338.4,-2.03,flat
2664,14.2885,198,130,337.4,-2.0,flat
2665,14.3004,198,130,336.8,-1.94,flat
2666,14.312,155,130,335.8,-1.81,flat
2667,14.3233,82,130,335.4,-1.75,flat
2668,14.3343,203,130,335.0,-1.72,flat
2669,14.3453,198,130,334.8,-1.69,flat
2670,14.356,200,130,334.6,-1.66,flat
2671,14.3664,223,130,334.4,-1.56,flat
2672,14.3766,225,130,334.4,-1.53,flat
2673,14.3867,258,131,334.4,-1.51,flat
2674,14.3966,271,131,334.4,-1.51,flat
2675,14.4063,238,131,334.4,-1.45,flat
2676,14.4159,244,132,334.4,-1.42,flat
2677,14.4252,267,132,334.4,-1.39,flat
2678,14.4344,285,133,334.4,-1.39,flat
2679,14.4433,342,133,334.4,-1.26,flat
2680,14.4519,293,134,334.4,-1.2,flat
2681,14.4604,301,134,334.6,-1.2,flat
2682,14.4687,304,135,335.0,-1.07,flat
2683,14.4767,258,136,335.2,-1.11,flat
2684,14.4846,290,136,335.6,-1.01,flat
2685,14.4923,289,137,335.8,-0.98,flat
2686,14.4998,299,137,336.2,-0.88,flat
2687,14.507,276,138,336.4,-0.88,flat
2688,14.5142,284,138,336.8,-0.81,flat
2689,14.5214,309,138,336.8,-0.75,flat
2690,14.5285,329,139,337.2,-0.57,flat
2691,14.5359,350,139,337.8,-0.61,flat
2692,14.5435,326,140,338.0,-0.4,flat
2693,14.5511,276,140,338.4,-0.4,flat
2694,14.5587,201,140,338.6,-0.26,flat
2695,14.5665,197,141,339.0,-0.22,flat
2696,14.5743,183,141,339.4,-0.07,flat
2697,14.5823,149,141,339.6,0.0,flat
2698,14.5903,135,142,339.8,0.04,flat
2699,14.5984,121,142,339.8,0.07,flat
2700,14.6069,109,142,339.8,0.11,flat
2701,14.6154,128,142,340.0,0.15,flat
2702,14.624,120,142,340.0,0.23,flat
2703,14.6327,123,143,340.0,0.27,flat
2704,14.6416,138,143,339.8,0.42,flat
2705,14.6506,115,143,339.8,0.46,flat
2706,14.6596,110,142,339.8,0.5,flat
2707,14.6688,126,143,339.4,0.5,flat
2708,14.6781,109,143,339.4,0.5,flat
2709,14.6876,104,142,339.2,0.5,flat
2710,14.6972,123,142,339.0,0.5,flat
2711,14.707,114,143,338.8,0.46,flat
2712,14.7166,99,142,338.8,0.34,flat
2713,14.7263,126,142,338.4,0.3,flat
2714,14.736,135,142,338.2,0.11,flat
2715,14.7457,107,142,338.0,0.04,flat
2716,14.7556,95,142,337.8,-0.15,flat
2717,14.7657,131,142,337.4,-0.22,flat
2718,14.776,141,142,337.2,-0.37,flat
2719,14.7867,151,141,337.0,-0.4,flat
2720,14.7973,153,141,337.0,-0.51,flat
2721,14.8077,137,141,336.6,-0.62,flat
2722,14.8179,147,141,336.6,-0.69,flat
2723,14.8278,168,140,336.2,-0.76,flat
2724,14.8373,178,140,336.0,-0.8,flat
2725,14.8466,209,140,335.6,-0.87,flat
2726,14.8553,192,140,335.4,-0.94,flat
2727,14.8637,262,140,335.4,-0.97,flat
2728,14.8717,252,140,335.2,-0.97,flat
2729,14.8795,298,140,335.2,-0.97,flat
2730,14.8872,286,140,335.2,-0.97,flat
2731,14.8949,342,140,335.2,-0.97,flat
2732,14.9027,302,140,335.6,-0.93,flat
2733,14.9106,319,140,335.8,-0.9,flat
2734,14.9188,187,140,336.6,-0.79,flat
2735,14.9274,106,141,336.8,-0.79,flat
2736,14.9362,142,141,337.0,-0.75,flat
2737,14.9455,131,141,337.0,-0.68,flat
2738,14.9549,121,141,337.0,-0.68,flat
2739,14.9646,107,142,337.0,-0.61,flat
2740,14.9746,115,142,337.0,-0.57,flat
2741,14.9847,100,142,337.0,-0.54,flat
2742,14.9948,96,142,336.8,-0.54,flat
2743,15.005,122,142,336.8,-0.47,flat
2744,15.015,165,142,336.2,-0.43,flat
2745,15.0252,193,142,336.0,-0.43,flat
2746,15.0352,184,141,335.4,-0.39,flat
2747,15.0452,222,141,335.2,-0.36,flat
2748,15.055,229,142,334.8,-0.32,flat
2749,15.0649,234,141,334.6,-0.39,flat
2750,15.0744,262,142,334.4,-0.39,flat
2751,15.0839,251,142,334.4,-0.43,flat
2752,15.0934,303,142,334.2,-0.5,flat
2753,15.1027,316,142,334.2,-0.57,flat
2754,15.1119,303,142,334.2,-0.6,flat
2755,15.1208,307,142,334.2,-0.67,flat
2756,15.1297,295,142,334.2,-0.7,flat
2757,15.1384,320,143,334.2,-0.77,flat
2758,15.1471,298,143,334.4,-0.8,flat
2759,15.1557,300,143,334.4,-0.83,flat
2760,15.1641,266,144,334.4,-0.89,flat
2761,15.1729,269,144,334.6,-0.96,flat
2762,15.1817,284,144,334.8,-1.05,flat
2763,15.1907,293,145,335.0,-1.15,flat
2764,15.1998,301,145,335.4,-1.28,flat
2765,15.209,251,145,335.4,-1.34,flat
2766,15.2182,240,145,335.6,-1.37,flat
2767,15.2274,195,146,335.6,-1.4,flat
2768,15.2365,201,146,335.6,-1.4,flat
2769,15.2456,177,146,335.8,-1.43,flat
2770,15.2548,177,146,335.8,-1.43,flat
2771,15.264,164,146,335.8,-1.43,flat
2772,15.2736,135,146,335.8,-1.4,flat
2773,15.2833,123,146,335.8,-1.43,flat
2774,15.2933,125,146,335.8,-1.33,flat
2775,15.3037,121,147,335.6,-1.34,flat
2776,15.3142,68,146,335.6,-1.24,flat
2777,15.3252,68,146,335.4,-1.2,flat
2778,15.3362,130,146,335.4,-1.14,flat
2779,15.3474,134,146,334.8,-1.11,flat
2780,15.3587,117,146,334.8,-1.07,flat
2781,15.3699,136,146,334.2,-1.08,flat
2782,15.3813,155,145,333.8,-1.04,flat
2783,15.3926,162,145,333.0,-1.04,flat
2784,15.4039,155,145,332.6,-1.04,flat
2785,15.4153,270,145,331.8,-1.01,flat
2786,15.4265,179,145,331.4,-1.01,flat
2787,15.4376,183,145,331.0,-1.01,flat
2788,15.4487,192,145,330.6,-1.05,flat
2789,15.4596,149,145,330.4,-1.01,flat
2790,15.4704,158,144,330.0,-1.01,flat
2791,15.4811,181,144,329.6,-1.05,flat
2792,15.4919,162,144,329.4,-1.08,flat
2793,15.5025,156,144,329.0,-1.12,flat
2794,15.5131,177,144,329.0,-1.15,flat
2795,15.5237,176,144,328.8,-1.16,flat
2796,15.5341,161,144,328.8,-1.16,flat
2797,15.5444,161,144,328.6,-1.16,flat
2798,15.5546,192,144,328.6,-1.17,flat
2799,15.5648,171,144,328.4,-1.17,flat
2800,15.575,181,144,328.4,-1.14,flat
2801,15.5851,181,144,328.4,-1.11,flat
2802,15.5951,190,144,328.4,-1.08,flat
2803,15.6049,190,144,328.2,-1.05,flat
2804,15.6146,177,144,328.2,-0.98,flat
2805,15.6241,186,144,328.0,-0.92,flat
2806,15.6336,188,144,328.0,-0.85,flat
2807,15.643,176,144,328.0,-0.79,flat
2808,15.6522,206,144,328.0,-0.72,flat
2809,15.6612,198,144,328.0,-0.58,flat
2810,15.6702,226,144,328.0,-0.55,flat
2811,15.6791,216,144,328.0,-0.41,flat
2812,15.688,199,144,328.0,-0.26,flat
2813,15.6968,203,144,328.0,-0.08,flat
2814,15.7056,202,144,328.0,0.04,flat
2815,15.7144,206,144,328.2,0.23,flat
2816,15.7232,220,144,328.2,0.35,flat
2817,15.7318,203,145,328.2,0.42,flat
2818,15.7403,190,145,328.2,0.54,flat
2819,15.7488,240,144,328.4,0.58,flat
2820,15.7572,250,145,328.4,0.66,flat
2821,15.7654,232,145,328.4,0.74,flat
2822,15.7736,230,145,328.4,0.75,flat
2823,15.7817,208,145,328.4,0.79,flat
2824,15.7896,230,145,328.6,0.75,flat
2825,15.7974,220,145,328.6,0.71,flat
2826,15.8051,246,145,328.8,0.67,flat
2827,15.8126,241,145,328.8,0.63,flat
2828,15.82,238,145,328.8,0.59,flat
2829,15.8271,238,145,329.0,0.59,flat
2830,15.8341,242,146,329.2,0.55,flat
2831,15.8413,317,146,329.4,0.47,flat
2832,15.8482,339,146,329.6,0.43,flat
2833,15.8551,298,146,329.8,0.39,flat
2834,15.8621,311,146,330.2,0.35,flat
2835,15.8691,318,146,330.4,0.35,flat
2836,15.8759,299,147,330.8,0.31,flat
2837,15.8826,309,147,331.0,0.23,flat
2838,15.8893,313,147,331.4,0.19,flat
2839,15.896,305,148,331.6,0.12,flat
2840,15.9027,298,148,331.8,0.08,flat
2841,15.9095,258,148,332.0,0.04,flat
2842,15.9167,252,149,332.4,0.0,flat
2843,15.9239,197,149,332.6,0.0,flat
2844,15.9314,169,149,332.8,-0.04,flat
2845,15.9391,185,149,333.0,-0.11,flat
2846,15.9472,147,149,333.2,-0.15,flat
2847,15.9557,136,150,333.2,-0.3,flat
2848,15.9643,145,150,333.4,-0.33,flat
2849,15.9734,154,150,333.4,-0.47,flat
2850,15.9826,138,149,333.4,-0.51,flat
2851,15.992,166,150,333.4,-0.65,flat
2852,16.0014,142,150,333.2,-0.68,flat
2853,16.011,131,149,333.0,-0.71,flat
2854,16.0206,148,149,332.8,-0.78,flat
2855,16.0304,131,149,332.4,-0.81,flat
2856,16.0403,119,149,332.2,-0.84,flat
2857,16.0505,128,149,331.8,-0.83,flat
2858,16.0607,181,149,331.6,-0.86,flat
2859,16.0711,166,149,331.4,-0.89,flat
2860,16.0817,173,149,331.2,-0.92,flat
2861,16.0923,185,149,330.8,-0.95,flat
2862,16.1032,177,149,330.6,-0.98,flat
2863,16.114,160,148,330.2,-1.01,flat
2864,16.1248,156,148,330.0,-1.04,flat
2865,16.1356,182,148,329.8,-1.04,flat
2866,16.1463,208,148,329.6,-1.07,flat
2867,16.1572,229,148,329.2,-1.06,flat
2868,16.168,212,148,329.0,-1.06,flat
2869,16.179,186,148,328.6,-1.09,flat
2870,16.1901,181,148,328.4,-1.08,flat
2871,16.2015,193,148,328.2,-1.08,flat
2872,16.2132,230,148,328.0,-1.14,flat
2873,16.2251,242,148,328.0,-1.16,flat
2874,16.2371,222,148,327.8,-1.19,flat
2875,16.2491,257,148,327.6,-1.22,flat
2876,16.261,276,148,327.4,-1.28,flat
2877,16.2729,290,148,326.6,-1.31,flat
2878,16.2848,267,148,326.4,-1.37,flat
2879,16.2966,269,149,325.8,-1.4,flat
2880,16.3084,303,149,325.6,-1.43,flat
2881,16.3201,292,149,324.8,-1.46,flat
2882,16.3317,312,149,324.6,-1.46,flat
2883,16.3432,303,149,324.4,-1.42,flat
2884,16.3546,353,149,324.2,-1.39,flat
2885,16.3658,399,149,324.0,-1.36,flat
2886,16.3769,390,150,324.0,-1.33,flat
2887,16.388,434,150,324.0,-1.3,flat
2888,16.3986,318,150,323.8,-1.27,flat
2889,16.409,210,150,323.8,-1.23,flat
2890,16.4191,210,151,323.8,-1.24,flat
2891,16.4289,219,151,323.8,-1.18,flat
2892,16.4384,257,151,323.8,-1.15,flat
2893,16.4477,284,151,323.8,-1.09,flat
2894,16.4568,277,152,324.0,-1.06,flat
2895,16.466,284,152,324.2,-1.03,flat
2896,16.4751,230,152,324.4,-1.01,flat
2897,16.4843,210,152,324.6,-0.92,flat
2898,16.4937,204,152,325.0,-0.86,flat
2899,16.5032,175,153,325.0,-0.76,flat
2900,16.5128,203,153,325.2,-0.6,flat
2901,16.5227,173,153,325.4,-0.51,flat
2902,16.5326,176,152,325.4,-0.41,flat
2903,16.5426,188,152,325.4,-0.31,flat
2904,16.5527,196,152,325.4,-0.17,flat
2905,16.5629,189,152,325.4,-0.07,flat
2906,16.573,179,152,325.2,0.07,flat
2907,16.5831,173,152,325.0,0.25,flat
2908,16.5934,203,152,324.8,0.44,flat
2909,16.6034,202,152,324.6,0.6,flat
2910,16.6135,178,152,324.4,0.75,flat
2911,16.6234,183,152,324.2,1.03,flat
2912,16.6335,213,152,324.0,1.11,flat
2913,16.6436,226,152,324.0,1.32,flat
2914,16.6536,241,152,324.0,1.41,flat
2915,16.6636,236,151,323.8,1.54,flat
2916,16.6735,236,151,323.8,1.6,flat
2917,16.6834,224,152,323.6,1.65,flat
2918,16.6931,239,152,323.6,1.71,flat
2919,16.7028,225,152,323.6,1.76,flat
2920,16.7124,256,152,323.4,1.77,flat
2921,16.7217,268,151,323.4,1.78,flat
2922,16.7308,245,151,323.4,1.79,flat
2923,16.7395,232,152,323.4,1.8,flat
2924,16.7475,202,152,323.4,1.76,flat
2925,16.755,233,152,323.4,1.72,flat
2926,16.7622,215,152,323.4,1.63,flat
2927,16.769,262,152,323.6,1.59,flat
2928,16.7755,253,152,323.8,1.47,flat
2929,16.7815,261,152,324.0,1.39,flat
2930,16.7871,314,152,324.8,1.31,flat
2931,16.7927,349,152,325.2,1.18,flat
2932,16.7981,356,153,325.6,1.15,flat
2933,16.8034,336,153,326.2,1.15,flat
2934,16.8086,351,153,326.8,1.11,flat
2935,16.8138,365,152,327.2,1.12,flat
2936,16.8189,377,153,327.8,1.17,flat
2937,16.824,360,153,328.0,1.22,flat
2938,16.8292,340,153,328.8,1.27,flat
2939,16.8344,383,153,329.0,1.41,flat
2940,16.84,363,154,329.6,1.51,flat
2941,16.846,368,154,330.2,1.65,flat
2942,16.852,211,154,330.4,1.71,flat
2943,16.8582,211,155,331.2,1.81,flat
2944,16.8644,158,155,331.4,1.86,flat
2945,16.8708,166,155,331.8,1.97,flat
2946,16.8773,142,156,332.0,1.98,flat
2947,16.8838,152,156,332.2,2.13,flat
2948,16.8906,148,156,332.2,2.19,flat
2949,16.8975,145,156,332.4,2.2,flat
2950,16.9045,149,156,332.4,2.3,flat
2951,16.9116,103,156,332.4,2.31,flat
2952,16.919,87,155,332.4,2.36,flat
2953,16.9268,109,155,332.4,2.37,flat
2954,16.9352,117,155,332.4,2.37,flat
2955,16.9438,137,155,332.4,2.36,flat
2956,16.9523,138,155,332.2,2.35,flat
2957,16.961,141,155,332.2,2.3,flat
2958,16.9697,154,155,332.0,2.24,flat
2959,16.9784,137,154,331.6,2.18,flat
2960,16.9871,184,154,331.4,1.98,flat
2961,16.9955,192,154,331.0,1.83,flat
2962,17.0036,207,154,330.8,1.72,flat
2963,17.0116,205,154,330.8,1.57,flat
2964,17.0193,197,154,330.6,1.33,flat
2965,17.0269,221,154,330.6,1.19,flat
2966,17.0344,233,154,330.6,0.96,flat
2967,17.0419,245,154,330.6,0.86,flat
2968,17.0493,277,154,330.6,0.6,flat
2969,17.0567,269,154,331.0,0.51,flat
2970,17.0641,277,154,331.2,0.25,flat
2971,17.0714,259,154,331.6,0.04,flat
2972,17.0787,231,154,331.6,-0.08,flat
2973,17.0859,226,153,332.0,-0.32,flat
2974,17.0933,243,154,332.2,-0.52,flat
2975,17.1007,231,154,332.4,-0.67,flat
2976,17.1082,231,153,332.4,-0.9,flat
2977,17.1157,197,153,332.8,-1.04,flat
2978,17.1233,208,154,333.0,-1.19,flat
2979,17.1309,210,154,333.0,-1.29,flat
2980,17.1387,223,154,333.2,-1.46,flat
2981,17.1464,190,154,333.2,-1.56,flat
2982,17.1543,166,154,333.4,-1.76,flat
2983,17.1622,171,153,333.4,-1.82,flat
2984,17.1703,135,153,333.4,-1.99,flat
2985,17.1786,147,153,333.4,-2.09,flat
2986,17.1871,130,153,333.4,-2.25,flat
2987,17.1955,126,153,333.4,-2.31,flat
2988,17.2042,87,153,333.4,-2.38,flat
2989,17.2129,143,153,333.4,-2.33,flat
2990,17.2219,95,153,333.4,-2.32,flat
2991,17.2309,0,152,333.2,-2.28,flat
2992,17.24,0,152,333.2,-2.27,flat
2993,17.2491,0,152,333.2,-2.26,flat
2994,17.2585,0,151,332.8,-2.22,flat
2995,17.2679,0,151,332.6,-2.24,flat
2996,17.2776,0,150,332.2,-2.23,flat
2997,17.2874,0,150,332.0,-2.22,flat
2998,17.2977,0,150,331.6,-2.18,flat
2999,17.3082,0,149,331.4,-2.21,flat
3000,17.319,0,148,330.8,-2.23,flat
3001,17.3299,0,147,330.4,-2.26,flat
3002,17.3411,21,147,330.0,-2.25,flat
3003,17.3526,6,146,329.6,-2.27,flat
3004,17.3644,6,145,328.8,-2.29,flat
3005,17.3764,13,144,328.4,-2.32,flat
3006,17.3885,47,144,327.4,-2.31,flat
3007,17.4008,48,143,326.8,-2.36,flat
3008,17.4131,138,142,326.0,-2.39,flat
3009,17.4256,165,142,325.6,-2.38,flat
3010,17.4383,165,141,324.6,-2.4,flat
3011,17.4507,188,141,324.0,-2.49,flat
3012,17.4632,199,140,322.8,-2.55,flat
3013,17.4754,227,140,322.4,-2.6,flat
3014,17.4875,202,140,321.4,-2.6,flat
3015,17.4994,208,139,320.8,-2.63,flat
3016,17.5111,173,139,319.6,-2.62,flat
3017,17.5226,204,139,319.2,-2.62,flat
3018,17.5338,205,140,318.6,-2.65,flat
3019,17.5447,221,139,318.4,-2.65,flat
3020,17.5554,253,139,318.2,-2.66,flat
3021,17.5661,252,139,318.0,-2.62,flat
3022,17.5766,257,139,317.8,-2.59,flat
3023,17.5869,266,140,317.8,-2.6,flat
3024,17.5971,294,140,317.8,-2.53,flat
3025,17.6071,274,140,317.6,-2.5,flat
3026,17.617,233,140,317.6,-2.44,flat
3027,17.6268,255,141,317.6,-2.41,flat
3028,17.6365,268,141,317.8,-2.35,flat
3029,17.6462,234,141,318.0,-2.32,flat
3030,17.6557,249,141,318.0,-2.23,flat
3031,17.6654,242,142,318.2,-2.17,flat
3032,17.6752,221,142,318.2,-2.11,flat
3033,17.6851,185,142,318.4,-2.06,flat
3034,17.6952,192,142,318.4,-1.94,flat
3035,17.7052,148,142,318.4,-1.88,flat
3036,17.7153,170,143,318.4,-1.76,flat
3037,17.7254,170,143,318.4,-1.7,flat
3038,17.7354,176,143,318.4,-1.58,flat
3039,17.7455,207,143,318.4,-1.52,flat
3040,17.7554,215,143,318.4,-1.32,flat
3041,17.7652,199,143,317.8,-1.23,flat
3042,17.7749,212,143,317.6,-1.0,flat
3043,17.7845,185,143,317.2,-0.94,flat
3044,17.7938,185,143,317.2,-0.77,flat
3045,17.8029,192,143,317.0,-0.63,flat
3046,17.8121,205,142,317.0,-0.42,flat
3047,17.821,210,142,317.0,-0.32,flat
3048,17.8298,211,142,316.8,-0.18,flat
3049,17.8384,205,142,316.8,-0.14,flat
3050,17.8471,239,142,316.8,-0.07,flat
3051,17.8557,244,142,316.8,-0.04,flat
3052,17.8645,258,142,317.0,0.0,flat
3053,17.8733,249,142,317.0,0.0,flat
3054,17.8822,248,143,317.0,0.0,flat
3055,17.8913,260,143,317.0,0.04,flat
3056,17.9004,280,143,317.0,0.0,flat
3057,17.9096,274,143,317.0,-0.04,flat
3058,17.9188,255,144,317.0,-0.11,flat
3059,17.9281,257,144,317.0,-0.18,flat
3060,17.9373,255,145,317.0,-0.22,flat
3061,17.9465,239,145,317.0,-0.29,flat
3062,17.9558,241,145,317.0,-0.33,flat
3063,17.9649,263,146,317.0,-0.4,flat
3064,17.974,279,147,317.0,-0.4,flat
3065,17.9831,249,147,317.0,-0.44,flat
3066,17.9921,255,147,316.8,-0.44,flat
3067,18.0011,246,147,316.6,-0.47,flat
3068,18.0099,263,148,316.6,-0.48,flat
3069,18.0187,262,148,316.6,-0.48,flat
3070,18.0273,278,148,316.8,-0.48,flat
3071,18.0358,283,148,316.8,-0.4,flat
3072,18.0444,245,148,317.0,-0.37,flat
3073,18.0528,273,149,317.0,-0.33,flat
3074,18.0611,258,149,317.0,-0.33,flat
3075,18.0695,250,149,317.2,-0.33,flat
3076,18.078,237,149,317.2,-0.33,flat
3077,18.0866,183,149,317.4,-0.37,flat
3078,18.0955,146,149,317.6,-0.33,flat
3079,18.1045,122,149,317.6,-0.37,flat
3080,18.1138,136,150,317.8,-0.37,flat
3081,18.1232,163,150,317.8,-0.44,flat
3082,18.1327,164,149,317.8,-0.51,flat
3083,18.1422,172,149,317.8,-0.55,flat
3084,18.1518,190,149,317.8,-0.58,flat
3085,18.1616,208,150,317.8,-0.62,flat
3086,18.1714,216,150,317.6,-0.62,flat
3087,18.1809,218,149,317.4,-0.62,flat
3088,18.1904,188,149,317.2,-0.66,flat
3089,18.1999,220,150,317.0,-0.69,flat
3090,18.2093,201,149,316.8,-0.69,flat
3091,18.2186,198,149,316.6,-0.7,flat
3092,18.2278,181,149,316.4,-0.7,flat
3093,18.2369,185,149,316.2,-0.7,flat
3094,18.246,152,149,316.2,-0.7,flat
3095,18.2551,165,149,316.0,-0.7,flat
3096,18.2641,157,149,316.0,-0.66,flat
3097,18.2732,183,149,315.8,-0.63,flat
3098,18.2823,186,149,315.8,-0.63,flat
3099,18.2913,189,148,315.8,-0.59,flat
3100,18.3005,153,148,315.8,-0.63,flat
3101,18.3097,164,148,315.6,-0.66,flat
3102,18.3188,156,148,315.6,-0.7,flat
3103,18.328,172,148,315.4,-0.7,flat
3104,18.3373,165,148,315.4,-0.7,flat
3105,18.3467,163,148,315.2,-0.74,flat
3106,18.3561,148,148,315.2,-0.74,flat
3107,18.3656,164,148,315.0,-0.77,flat
3108,18.3751,195,148,315.0,-0.85,flat
3109,18.3848,185,148,314.8,-0.85,flat
3110,18.3942,191,148,314.8,-0.92,flat
3111,18.4036,173,148,314.4,-0.92,flat
3112,18.413,190,148,314.2,-0.96,flat
3113,18.4223,203,148,314.0,-0.96,flat
3114,18.4314,186,147,313.8,-0.97,flat
3115,18.4403,191,147,313.6,-0.97,flat
3116,18.4492,271,147,313.6,-0.93,flat
3117,18.4581,281,147,313.6,-0.9,flat
3118,18.4669,294,147,313.4,-0.9,flat
3119,18.4758,267,147,313.2,-0.86,flat
3120,18.4844,233,147,313.2,-0.79,flat
3121,18.4931,228,148,313.2,-0.75,flat
3122,18.5017,222,147,313.2,-0.72,flat
3123,18.5102,192,147,313.2,-0.68,flat
3124,18.5187,214,147,313.2,-0.72,flat
3125,18.5271,204,148,313.2,-0.64,flat
3126,18.5356,198,147,313.2,-0.64,flat
3127,18.5439,203,147,313.2,-0.61,flat
3128,18.5524,194,147,313.2,-0.61,flat
3129,18.5609,199,148,313.4,-0.61,flat
3130,18.5694,202,147,313.4,-0.61,flat
3131,18.578,191,148,313.2,-0.57,flat
3132,18.5868,215,147,313.2,-0.57,flat
3133,18.5956,204,148,313.2,-0.54,flat
3134,18.6042,192,147,313.2,-0.54,flat
3135,18.613,196,147,313.2,-0.5,flat
3136,18.6218,213,148,313.2,-0.5,flat
3137,18.6304,222,147,313.2,-0.46,flat
3138,18.639,227,148,313.0,-0.46,flat
3139,18.6475,215,148,313.0,-0.47,flat
3140,18.6559,193,148,312.8,-0.47,flat
3141,18.6643,222,147,312.8,-0.39,flat
3142,18.6728,225,148,312.6,-0.35,flat
3143,18.6813,225,147,312.6,-0.31,flat
3144,18.6899,213,147,312.6,-0.27,flat
3145,18.6984,185,148,312.6,-0.23,flat
3146,18.707,182,147,312.6,-0.23,flat
3147,18.7155,186,147,312.6,-0.23,flat
3148,18.7239,184,147,312.4,-0.2,flat
3149,18.7324,204,147,312.4,-0.16,flat
3150,18.7409,211,147,312.6,-0.12,flat
3151,18.7493,217,147,312.6,-0.12,flat
3152,18.7577,228,147,312.6,-0.12,flat
3153,18.7662,212,147,312.6,-0.12,flat
3154,18.7748,192,147,312.4,-0.12,flat
3155,18.7831,192,146,312.6,-0.08,flat
3156,18.7916,189,146,312.6,-0.08,flat
3157,18.7999,186,146,312.6,-0.04,flat
3158,18.8083,193,147,312.6,-0.04,flat
3159,18.8166,189,146,312.6,-0.04,flat
3160,18.8249,171,146,312.6,-0.04,flat
3161,18.8331,188,146,312.6,0.0,flat
3162,18.8413,193,146,312.6,0.0,flat
3163,18.8495,211,146,312.6,0.0,flat
3164,18.8579,232,146,312.6,0.0,flat
3165,18.8663,288,146,312.6,0.0,flat
3166,18.8749,282,146,312.6,-0.04,flat
3167,18.8835,279,146,312.6,-0.08,flat
3168,18.8922,283,146,312.6,-0.04,flat
3169,18.9009,273,147,312.4,-0.08,flat
3170,18.9096,247,147,312.4,-0.04,flat
3171,18.9183,237,147,312.4,-0.04,flat
3172,18.9271,240,147,312.4,0.0,flat
3173,18.9359,251,147,312.4,0.0,flat
3174,18.9445,263,148,312.4,0.0,flat
3175,18.9531,237,148,312.4,-0.04,flat
3176,18.9615,237,148,312.4,-0.04,flat
3177,18.97,251,148,312.4,-0.04,flat
3178,18.9785,235,148,312.4,0.0,flat
3179,18.987,215,149,312.4,0.0,flat
3180,18.9954,227,149,312.6,-0.04,flat
3181,19.0038,222,149,312.6,-0.04,flat
3182,19.0121,231,149,312.6,-0.04,flat
3183,19.0205,229,149,312.6,-0.04,flat
3184,19.0289,233,149,312.6,0.0,flat
3185,19.0372,225,150,312.8,-0.04,flat
3186,19.0456,239,149,312.8,-0.04,flat
3187,19.0541,240,149,313.0,-0.04,flat
3188,19.0628,254,149,313.0,-0.04,flat
3189,19.0715,282,150,313.2,-0.04,flat
3190,19.0803,274,150,313.2,-0.04,flat
3191,19.0891,218,150,313.2,-0.04,flat
3192,19.0978,203,150,313.2,0.0,flat
3193,19.1067,251,150,313.2,0.0,flat
3194,19.1155,247,150,313.2,0.08,flat
3195,19.1244,232,150,313.2,0.08,flat
3196,19.1334,258,150,313.0,0.11,flat
3197,19.1425,240,150,312.8,0.15,flat
3198,19.1515,228,150,312.8,0.15,flat
3199,19.1608,246,150,312.6,0.19,flat
3200,19.17,235,150,312.6,0.19,flat
3201,19.1793,228,150,312.6,0.19,flat
3202,19.1885,210,150,312.6,0.19,flat
3203,19.1978,220,151,312.6,0.15,flat
3204,19.2069,237,151,312.6,0.11,flat
3205,19.2159,237,151,312.4,0.11,flat
3206,19.2249,244,151,312.4,0.08,flat
3207,19.2339,232,151,312.4,0.04,flat
3208,19.243,231,151,312.4,0.0,flat
3209,19.252,275,152,312.4,0.0,flat
3210,19.261,288,152,312.4,-0.08,flat
3211,19.2698,284,152,312.4,-0.11,flat
3212,19.2786,286,152,312.4,-0.15,flat
3213,19.2872,259,152,312.4,-0.15,flat
3214,19.2956,263,152,312.4,-0.22,flat
3215,19.304,262,152,312.4,-0.26,flat
3216,19.3122,290,153,312.4,-0.33,flat
3217,19.3205,301,153,312.4,-0.37,flat
3218,19.3288,345,153,312.4,-0.41,flat
3219,19.3371,347,153,312.4,-0.48,flat
3220,19.3454,328,153,312.4,-0.52,flat
3221,19.3538,317,154,312.4,-0.55,flat
3222,19.3622,324,154,312.6,-0.55,flat
3223,19.3707,290,154,312.6,-0.59,flat
3224,19.3795,256,155,313.0,-0.59,flat
3225,19.3882,234,155,313.0,-0.59,flat
3226,19.3972,251,155,313.2,-0.55,flat
3227,19.4061,255,155,313.4,-0.51,flat
3228,19.4152,255,155,313.4,-0.51,flat
3229,19.4243,259,156,313.4,-0.51,flat
3230,19.4333,252,156,313.4,-0.51,flat
3231,19.4425,250,156,313.4,-0.51,flat
3232,19.4517,240,156,313.4,-0.51,flat
3233,19.461,254,156,313.2,-0.51,flat
3234,19.4703,257,156,313.0,-0.51,flat
3235,19.4797,275,156,313.0,-0.48,flat
3236,19.489,247,157,312.8,-0.55,flat
3237,19.4984,184,157,312.6,-0.59,flat
3238,19.5079,175,156,312.4,-0.59,flat
3239,19.5173,178,157,312.4,-0.59,flat
3240,19.5268,185,156,312.2,-0.59,flat
3241,19.5364,194,157,312.0,-0.63,flat
3242,19.546,172,157,311.8,-0.63,flat
3243,19.5555,190,156,311.8,-0.63,flat
3244,19.5652,216,156,311.4,-0.63,flat
3245,19.5749,244,156,311.4,-0.63,flat
3246,19.5846,236,156,311.0,-0.62,flat
3247,19.5942,242,156,311.0,-0.62,flat
3248,19.604,252,157,310.8,-0.62,flat
3249,19.6138,254,157,310.6,-0.66,flat
3250,19.6234,243,157,310.4,-0.66,flat
3251,19.6329,242,157,310.2,-0.66,flat
3252,19.6422,191,157,310.2,-0.73,flat
3253,19.6514,209,156,310.0,-0.76,flat
3254,19.6605,218,157,310.0,-0.84,flat
3255,19.6696,223,157,310.0,-0.87,flat
3256,19.6787,235,157,310.0,-0.95,flat
3257,19.6877,216,156,310.0,-1.05,flat
3258,19.6967,196,157,310.0,-1.02,flat
3259,19.7058,227,157,309.8,-1.09,flat
3260,19.7148,230,157,309.8,-1.13,flat
3261,19.7239,207,157,309.8,-1.13,flat
3262,19.733,198,156,309.8,-1.16,flat
3263,19.7419,235,157,309.8,-1.13,flat
3264,19.7509,228,157,309.8,-1.09,flat
3265,19.7597,264,157,309.8,-1.13,flat
3266,19.7685,257,156,309.4,-1.09,flat
3267,19.7772,255,157,309.2,-1.1,flat
3268,19.786,277,157,309.2,-1.06,flat
3269,19.7948,316,157,309.2,-1.06,flat
3270,19.8037,222,157,309.2,-1.06,flat
3271,19.8126,256,157,309.0,-1.03,flat
3272,19.8213,205,157,309.0,-1.03,flat
3273,19.8302,210,156,309.0,-1.03,flat
3274,19.8391,197,156,309.0,-0.96,flat
3275,19.8479,187,156,309.0,-1.0,flat
3276,19.8569,195,156,309.0,-0.92,flat
3277,19.8658,177,156,309.0,-0.93,flat
3278,19.8748,172,156,309.0,-0.89,flat
3279,19.8839,188,156,308.8,-0.89,flat
3280,19.8929,199,156,308.8,-0.86,flat
3281,19.9019,190,156,308.8,-0.82,flat
3282,19.911,199,155,308.6,-0.86,flat
3283,19.9201,211,156,308.4,-0.82,flat
3284,19.9291,217,156,308.4,-0.82,flat
3285,19.9381,215,155,308.2,-0.82,flat
3286,19.9471,229,155,308.0,-0.83,flat
3287,19.9561,238,155,307.6,-0.83,flat
3288,19.9651,251,155,307.8,-0.83,flat
3289,19.9742,245,155,307.4,-0.79,flat
3290,19.9832,242,156,307.2,-0.79,flat
3291,19.9921,262,156,307.2,-0.79,flat
3292,20.0011,211,156,307.0,-0.76,flat
3293,20.0102,244,155,307.0,-0.76,flat
3294,20.0192,212,156,307.0,-0.76,flat
3295,20.0281,209,156,306.8,-0.76,flat
3296,20.037,249,156,306.8,-0.68,flat
3297,20.046,257,156,306.6,-0.65,flat
3298,20.0549,277,156,306.6,-0.65,flat
3299,20.0637,286,156,306.6,-0.65,flat
3300,20.0725,253,156,306.4,-0.65,flat
3301,20.0814,272,156,306.4,-0.57,flat
3302,20.0902,243,156,306.2,-0.58,flat
3303,20.099,222,156,306.2,-0.58,flat
3304,20.1078,209,157,306.2,-0.58,flat
3305,20.1165,230,156,306.0,-0.58,flat
3306,20.1252,226,157,306.0,-0.58,flat
3307,20.134,255,156,306.0,-0.58,flat
3308,20.1429,275,156,306.0,-0.59,flat
3309,20.1518,244,156,305.8,-0.51,flat
3310,20.1605,215,156,305.8,-0.51,flat
3311,20.1692,219,156,305.8,-0.47,flat
3312,20.1778,222,156,305.6,-0.43,flat
3313,20.1864,255,156,305.6,-0.39,flat
3314,20.1948,235,156,305.6,-0.39,flat
3315,20.2033,236,156,305.6,-0.36,flat
3316,20.2117,246,156,305.6,-0.32,flat
3317,20.22,236,156,305.6,-0.24,flat
3318,20.2284,247,156,305.6,-0.28,flat
3319,20.2368,255,156,305.6,-0.24,flat
3320,20.2452,263,156,305.6,-0.2,flat
3321,20.2536,232,156,305.6,-0.2,flat
3322,20.2619,242,156,305.8,-0.2,flat
3323,20.2703,246,157,305.8,-0.24,flat
3324,20.2786,256,157,305.8,-0.28,flat
3325,20.2869,251,156,305.8,-0.28,flat
3326,20.2951,229,157,305.8,-0.32,flat
3327,20.3033,195,157,305.8,-0.32,flat
3328,20.3113,195,157,305.8,-0.32,flat
3329,20.3191,181,157,305.8,-0.32,flat
3330,20.3268,198,157,305.8,-0.32,flat
3331,20.3345,208,157,306.0,-0.4,flat
3332,20.3421,199,156,306.0,-0.36,flat
3333,20.3496,212,157,306.0,-0.4,flat
3334,20.3571,176,156,306.0,-0.4,flat
3335,20.3647,249,156,306.0,-0.36,flat
3336,20.3722,220,156,306.0,-0.4,flat
3337,20.3799,244,156,306.0,-0.4,flat
3338,20.3875,223,156,306.0,-0.44,flat
3339,20.3952,194,156,306.2,-0.4,flat
3340,20.403,193,155,306.2,-0.44,flat
3341,20.4108,209,155,306.4,-0.44,flat
3342,20.4188,198,156,306.4,-0.4,flat
3343,20.4271,180,155,306.4,-0.44,flat
3344,20.4356,172,155,306.4,-0.44,flat
3345,20.4442,137,155,306.4,-0.44,flat
3346,20.4529,151,155,306.4,-0.48,flat
3347,20.4617,123,155,306.4,-0.44,flat
3348,20.4704,112,155,306.4,-0.44,flat
3349,20.4792,131,154,306.2,-0.44,flat
3350,20.488,160,154,306.2,-0.44,flat
3351,20.4968,165,154,306.2,-0.44,flat
3352,20.5057,179,153,306.0,-0.48,flat
3353,20.5145,190,153,305.8,-0.48,flat
3354,20.5234,175,153,305.6,-0.48,flat
3355,20.5322,208,153,305.4,-0.48,flat
3356,20.541,187,153,305.2,-0.44,flat
3357,20.5497,183,152,305.0,-0.44,flat
3358,20.5583,187,153,305.0,-0.4,flat
3359,20.567,196,153,305.0,-0.4,flat
3360,20.5756,202,152,304.8,-0.4,flat
3361,20.5842,194,152,304.4,-0.44,flat
3362,20.5928,195,152,304.4,-0.44,flat
3363,20.6014,222,152,304.2,-0.44,flat
3364,20.61,202,152,304.2,-0.4,flat
3365,20.6185,213,152,304.2,-0.4,flat
3366,20.6269,212,152,304.0,-0.4,flat
3367,20.6354,206,152,304.0,-0.4,flat
3368,20.6439,204,152,303.8,-0.36,flat
3369,20.6524,231,152,303.8,-0.4,flat
3370,20.6608,199,152,303.6,-0.4,flat
3371,20.6692,181,152,303.6,-0.44,flat
3372,20.6775,199,152,303.6,-0.44,flat
3373,20.6859,220,152,303.4,-0.44,flat
3374,20.6943,214,151,303.4,-0.36,flat
3375,20.7026,208,152,303.4,-0.36,flat
3376,20.7108,187,151,303.2,-0.4,flat
3377,20.7191,190,151,303.4,-0.4,flat
3378,20.7273,246,152,303.4,-0.44,flat
3379,20.7356,232,152,303.4,-0.4,flat
3380,20.744,218,152,303.4,-0.4,flat
3381,20.7522,223,151,303.4,-0.4,flat
3382,20.7605,218,151,303.4,-0.36,flat
3383,20.7689,247,151,303.4,-0.36,flat
3384,20.7773,221,152,303.4,-0.32,flat
3385,20.7857,228,151,303.4,-0.28,flat
3386,20.7941,211,151,303.6,-0.28,flat
3387,20.8023,221,151,303.6,-0.24,flat
3388,20.8105,241,152,303.8,-0.28,flat
3389,20.8188,250,152,303.8,-0.28,flat
3390,20.827,240,152,303.8,-0.24,flat
3391,20.8351,227,152,303.8,-0.2,flat
3392,20.8431,217,152,303.8,-0.2,flat
3393,20.851,233,152,303.8,-0.16,flat
3394,20.859,213,151,304.0,-0.16,flat
3395,20.867,221,152,304.0,-0.2,flat
3396,20.875,233,152,304.0,-0.16,flat
3397,20.883,216,151,304.0,-0.16,flat
3398,20.8911,197,151,304.2,-0.12,flat
3399,20.8992,186,152,304.2,-0.16,flat
3400,20.9073,194,152,304.2,-0.12,flat
3401,20.9156,202,151,304.2,-0.16,flat
3402,20.9237,195,152,304.2,-0.16,flat
3403,20.9319,188,152,304.2,-0.12,flat
3404,20.9401,179,151,304.6,-0.16,flat
3405,20.9484,196,152,304.6,-0.16,flat
3406,20.9567,176,152,304.4,-0.12,flat
3407,20.965,189,151,304.4,-0.16,flat
3408,20.9734,183,151,304.2,-0.16,flat
3409,20.9818,185,151,304.2,-0.16,flat
3410,20.9903,179,151,304.2,-0.16,flat
3411,20.9988,185,151,304.2,-0.16,flat
3412,21.0073,178,151,304.2,-0.16,flat
3413,21.0159,171,151,304.0,-0.16,flat
3414,21.0244,184,150,304.0,-0.16,flat
3415,21.0329,181,150,304.0,-0.17,flat
3416,21.0414,194,150,303.8,-0.21,flat
3417,21.05,203,150,303.8,-0.25,flat
3418,21.0585,179,149,303.6,-0.29,flat
3419,21.0671,163,149,303.6,-0.3,flat
3420,21.0755,174,149,303.6,-0.3,flat
3421,21.0841,185,149,303.4,-0.3,flat
3422,21.0926,192,148,303.4,-0.34,flat
3423,21.1011,187,148,303.4,-0.35,flat
3424,21.1096,170,147,303.4,-0.43,flat
3425,21.1182,167,147,303.2,-0.44,flat
3426,21.1267,182,147,303.2,-0.44,flat
3427,21.1352,179,146,303.2,-0.48,flat
3428,21.1437,186,146,303.2,-0.53,flat
3429,21.1522,187,146,303.0,-0.53,flat
3430,21.1608,222,146,303.0,-0.58,flat
3431,21.1694,205,146,302.8,-0.58,flat
3432,21.1777,0,147,302.8,-0.62,flat
3433,21.1859,0,146,302.8,-0.63,flat
3434,21.1939,0,146,302.6,-0.72,flat
3435,21.2018,0,147,302.6,-0.76,flat
3436,21.2095,0,146,302.6,-0.72,flat
3437,21.217,0,146,302.6,-0.77,flat
3438,21.2244,0,146,302.6,-0.72,flat
3439,21.2316,0,145,302.6,-0.77,flat
3440,21.2388,0,145,302.6,-0.77,flat
3441,21.2455,0,144,302.6,-0.82,flat
3442,21.2518,0,144,302.6,-0.82,flat
3443,21.258,0,143,302.6,-0.82,flat
3444,21.2641,0,143,302.6,-0.82,flat
3445,21.2701,0,142,302.6,-0.82,flat
3446,21.2759,11,141,302.6,-0.82,flat
3447,21.2817,0,141,302.4,-0.82,flat
3448,21.2873,0,140,302.4,-0.82,flat
3449,21.2927,0,139,302.4,-0.82,flat
3450,21.298,0,139,302.4,-0.87,flat
3451,21.3033,0,139,302.4,-0.82,flat
3452,21.3086,0,137,302.2,-0.87,flat
3453,21.3141,0,136,302.2,-0.87,flat
3454,21.32,0,136,302.0,-0.92,flat
3455,21.3261,141,136,302.0,-0.87,flat
3456,21.3323,135,136,302.0,-0.87,flat
3457,21.3388,127,136,301.8,-0.92,flat
3458,21.3453,123,136,301.8,-0.92,flat
3459,21.3519,132,136,301.8,-0.87,flat
3460,21.3586,163,135,301.6,-0.88,flat
3461,21.3655,150,134,301.6,-0.83,flat
3462,21.3724,198,134,301.4,-0.83,flat
3463,21.3795,182,133,301.4,-0.83,flat
3464,21.3867,194,133,301.4,-0.78,flat
3465,21.3941,187,132,301.2,-0.78,flat
3466,21.4015,190,133,301.2,-0.78,flat
3467,21.4089,164,133,301.0,-0.78,flat
3468,21.4165,176,133,301.0,-0.78,flat
3469,21.4241,183,133,300.8,-0.78,flat
3470,21.4319,201,134,300.8,-0.78,flat
3471,21.4397,209,134,300.6,-0.78,flat
3472,21.4476,207,134,300.6,-0.77,flat
3473,21.4556,203,133,300.4,-0.77,flat
3474,21.4637,196,133,300.4,-0.76,flat
3475,21.4717,208,134,300.4,-0.81,flat
3476,21.4799,187,133,300.2,-0.8,flat
3477,21.4881,210,134,300.2,-0.75,flat
3478,21.4964,205,134,300.0,-0.75,flat
3479,21.5046,218,134,300.0,-0.74,flat
3480,21.5129,240,134,299.8,-0.74,flat
3481,21.5212,208,134,299.8,-0.78,flat
3482,21.5295,234,134,299.6,-0.73,flat
3483,21.5374,202,134,299.6,-0.72,flat
3484,21.5454,218,134,299.4,-0.68,flat
3485,21.5536,218,135,299.4,-0.67,flat
3486,21.5619,226,135,299.4,-0.67,flat
3487,21.5702,229,135,299.2,-0.63,flat
3488,21.5784,171,135,299.2,-0.63,flat
3489,21.5865,206,135,299.2,-0.66,flat
3490,21.5947,201,135,299.2,-0.62,flat
3491,21.6029,233,136,299.2,-0.62,flat
3492,21.611,241,136,299.2,-0.58,flat
3493,21.6191,222,136,299.2,-0.57,flat
3494,21.6272,202,137,299.2,-0.61,flat
3495,21.6353,203,137,299.2,-0.57,flat
3496,21.6433,191,137,299.2,-0.57,flat
3497,21.6513,225,138,299.2,-0.53,flat
3498,21.6594,235,138,299.2,-0.53,flat
3499,21.6675,220,138,299.2,-0.49,flat
3500,21.6757,226,138,299.2,-0.49,flat
3501,21.6839,205,139,299.2,-0.49,flat
3502,21.6922,208,139,299.2,-0.49,flat
3503,21.7005,219,140,299.2,-0.45,flat
3504,21.7087,197,140,299.2,-0.45,flat
3505,21.717,205,140,299.0,-0.45,flat
3506,21.7254,202,140,299.0,-0.41,flat
3507,21.7337,213,141,299.0,-0.37,flat
3508,21.7421,203,141,299.0,-0.33,flat
3509,21.7505,185,141,299.0,-0.33,flat
3510,21.7588,190,142,299.0,-0.25,flat
3511,21.7671,196,142,298.8,-0.25,flat
3512,21.7755,200,142,298.8,-0.2,flat
3513,21.7837,210,143,298.8,-0.2,flat
3514,21.792,205,143,298.8,-0.16,flat
3515,21.8003,197,143,298.8,-0.16,flat
3516,21.8086,219,143,298.8,-0.12,flat
3517,21.8169,202,143,298.8,-0.08,flat
3518,21.8253,189,143,298.8,-0.08,flat
3519,21.8336,205,143,298.6,-0.08,flat
3520,21.8418,223,144,298.6,-0.08,flat
3521,21.8501,224,143,298.6,-0.08,flat
3522,21.8584,216,144,298.6,-0.08,flat
3523,21.8667,240,144,298.6,-0.08,flat
3524,21.8748,203,144,298.4,-0.08,flat
3525,21.8829,239,144,298.4,-0.08,flat
3526,21.8911,224,144,298.4,-0.08,flat
3527,21.8991,234,144,298.4,-0.08,flat
3528,21.9071,208,144,298.4,-0.08,flat
3529,21.9152,228,145,298.4,-0.04,flat
3530,21.9232,209,145,298.4,-0.04,flat
3531,21.9312,226,145,298.2,-0.04,flat
3532,21.9391,198,145,298.2,-0.04,flat
3533,21.947,230,146,298.2,-0.04,flat
3534,21.9548,226,146,298.2,-0.08,flat
3535,21.9626,220,146,298.2,-0.04,flat
3536,21.9704,212,146,298.2,0.0,flat
3537,21.9783,224,146,298.4,-0.04,flat
3538,21.9861,215,146,298.4,-0.04,flat
3539,21.9938,231,146,298.4,-0.08,flat
3540,22.0017,240,146,298.6,-0.08,flat
3541,22.0096,247,146,298.6,0.0,flat
3542,22.0175,231,146,298.6,0.04,flat
3543,22.0254,217,146,298.6,0.04,flat
3544,22.0333,214,146,298.6,0.04,flat
3545,22.0412,224,146,298.6,0.04,flat
3546,22.0489,214,147,298.8,0.0,flat
3547,22.0568,217,147,298.8,0.0,flat
3548,22.0645,223,147,298.8,0.0,flat
3549,22.0722,226,147,298.8,0.04,flat
3550,22.08,210,147,298.8,0.04,flat
3551,22.0877,216,148,298.8,0.04,flat
3552,22.0953,219,148,298.8,0.04,flat
3553,22.103,218,148,298.8,0.04,flat
3554,22.1106,220,148,298.8,0.08,flat
3555,22.1183,268,148,298.8,0.08,flat
3556,22.126,236,148,298.8,0.08,flat
3557,22.1338,254,148,298.8,0.04,flat
3558,22.1415,229,149,298.8,0.04,flat
3559,22.1493,217,149,299.0,0.04,flat
3560,22.1572,179,149,299.0,0.04,flat
3561,22.1652,203,149,299.0,0.08,flat
3562,22.1731,215,149,299.0,0.08,flat
3563,22.181,201,149,299.0,0.08,flat
3564,22.1889,206,150,298.8,0.04,flat
3565,22.1969,196,150,298.8,0.04,flat
3566,22.2048,195,150,299.0,0.04,flat
3567,22.2128,199,150,298.8,0.0,flat
3568,22.2207,216,150,298.8,0.0,flat
3569,22.2287,216,151,298.6,0.0,flat
3570,22.2365,217,151,298.6,-0.04,flat
3571,22.2444,186,151,298.8,-0.04,flat
3572,22.2523,191,150,299.0,-0.04,flat
3573,22.2603,195,151,299.0,-0.04,flat
3574,22.2683,213,151,299.0,-0.08,flat
3575,22.2762,229,151,299.0,-0.08,flat
3576,22.2843,209,150,298.8,-0.12,flat
3577,22.2923,216,151,298.8,-0.12,flat
3578,22.3003,213,151,298.8,-0.12,flat
3579,22.3082,199,150,298.8,-0.12,flat
3580,22.3164,211,150,298.8,-0.12,flat
3581,22.3246,196,151,298.8,-0.12,flat
3582,22.3328,219,151,298.8,-0.12,flat
3583,22.3409,221,151,298.8,-0.16,flat
3584,22.3492,194,151,298.8,-0.16,flat
3585,22.3574,177,151,298.8,-0.16,flat
3586,22.3656,227,151,298.8,-0.16,flat
3587,22.3738,213,151,298.6,-0.16,flat
3588,22.3821,207,151,298.6,-0.2,flat
3589,22.3904,229,151,298.6,-0.24,flat
3590,22.3987,224,151,298.6,-0.24,flat
3591,22.407,220,151,298.6,-0.24,flat
3592,22.4154,194,151,298.6,-0.24,flat
3593,22.4238,186,151,298.6,-0.28,flat
3594,22.4322,199,151,298.4,-0.24,flat
3595,22.4405,177,151,298.4,-0.24,flat
3596,22.4489,191,151,298.4,-0.28,flat
3597,22.4573,194,151,298.4,-0.28,flat
3598,22.4657,219,151,298.4,-0.28,flat
3599,22.4741,185,151,298.4,-0.24,flat
3600,22.4825,193,150,298.4,-0.24,flat
3601,22.4908,213,150,298.4,-0.28,flat
3602,22.4993,205,151,298.4,-0.32,flat
3603,22.5078,200,151,298.4,-0.32,flat
3604,22.5163,218,151,298.2,-0.32,flat
3605,22.5249,223,151,298.2,-0.32,flat
3606,22.5334,184,151,298.2,-0.28,flat
3607,22.542,223,150,298.2,-0.28,flat
3608,22.5511,219,151,298.2,-0.28,flat
3609,22.5596,205,150,298.2,-0.28,flat
3610,22.5681,192,151,298.2,-0.28,flat
3611,22.5767,199,150,298.2,-0.28,flat
3612,22.5852,180,150,298.2,-0.28,flat
3613,22.5936,194,150,298.0,-0.28,flat
3614,22.6022,202,151,298.0,-0.31,flat
3615,22.6108,203,151,298.0,-0.31,flat
3616,22.6193,220,151,298.0,-0.31,flat
3617,22.6279,234,151,298.0,-0.27,flat
3618,22.6362,227,150,297.8,-0.31,flat
3619,22.6448,247,151,297.8,-0.31,flat
3620,22.6532,255,151,297.8,-0.31,flat
3621,22.6617,244,151,297.8,-0.35,flat
3622,22.6703,256,151,297.8,-0.35,flat
3623,22.6787,259,151,297.6,-0.35,flat
3624,22.6872,212,151,297.6,-0.31,flat
3625,22.6957,211,151,297.6,-0.31,flat
3626,22.7041,210,152,297.6,-0.31,flat
3627,22.7124,213,152,297.4,-0.31,flat
3628,22.7207,227,152,297.4,-0.35,flat
3629,22.729,227,152,297.4,-0.35,flat
3630,22.7374,243,152,297.4,-0.35,flat
3631,22.7459,224,152,297.4,-0.35,flat
3632,22.7544,216,152,297.4,-0.35,flat
3633,22.763,249,152,297.4,-0.35,flat
3634,22.7715,220,152,297.4,-0.35,flat
3635,22.7801,207,152,297.4,-0.35,flat
3636,22.7886,216,152,297.4,-0.35,flat
3637,22.7973,231,153,297.4,-0.35,flat
3638,22.806,228,153,297.4,-0.35,flat
3639,22.8146,216,153,297.4,-0.35,flat
3640,22.8233,201,153,297.4,-0.35,flat
3641,22.8322,235,153,297.4,-0.39,flat
3642,22.8409,220,153,297.4,-0.39,flat
3643,22.8497,223,153,297.4,-0.35,flat
3644,22.8586,222,153,297.2,-0.35,flat
3645,22.8673,211,153,297.2,-0.35,flat
3646,22.8761,219,153,297.2,-0.35,flat
3647,22.8849,194,153,297.2,-0.39,flat
3648,22.8935,177,153,297.0,-0.35,flat
3649,22.9021,209,153,297.0,-0.35,flat
3650,22.9107,214,153,297.0,-0.35,flat
3651,22.9194,223,153,296.8,-0.35,flat
3652,22.928,222,153,296.8,-0.39,flat
3653,22.9366,225,153,296.8,-0.35,flat
3654,22.9453,222,153,296.8,-0.35,flat
3655,22.954,222,153,296.8,-0.35,flat
3656,22.9626,209,153,296.8,-0.35,flat
3657,22.9713,202,153,296.8,-0.31,flat
3658,22.9799,192,153,296.6,-0.31,flat
3659,22.9885,217,153,296.6,-0.35,flat
3660,22.9971,203,154,296.6,-0.35,flat
3661,23.0057,205,153,296.6,-0.35,flat
3662,23.0141,208,153,296.6,-0.35,flat
3663,23.0227,208,153,296.6,-0.35,flat
3664,23.0313,209,153,296.4,-0.35,flat
3665,23.0398,209,153,296.4,-0.36,flat
3666,23.0482,223,153,296.4,-0.36,flat
3667,23.0566,212,153,296.4,-0.36,flat
3668,23.0649,238,153,296.4,-0.36,flat
3669,23.0733,267,153,296.4,-0.36,flat
3670,23.0818,236,153,296.4,-0.4,flat
3671,23.0903,234,153,296.2,-0.4,flat
3672,23.0987,257,153,296.2,-0.4,flat
3673,23.107,243,153,296.2,-0.4,flat
3674,23.1154,218,153,296.2,-0.36,flat
3675,23.1237,219,153,296.2,-0.36,flat
3676,23.1319,222,153,296.2,-0.36,flat
3677,23.1402,229,153,296.0,-0.32,flat
3678,23.1484,229,153,296.0,-0.28,flat
3679,23.1565,211,153,296.0,-0.28,flat
3680,23.1647,230,153,296.0,-0.28,flat
3681,23.1729,256,153,296.0,-0.24,flat
3682,23.1811,235,153,295.8,-0.28,flat
3683,23.1893,220,153,295.8,-0.28,flat
3684,23.1973,220,153,295.8,-0.28,flat
3685,23.2054,191,153,295.8,-0.28,flat
3686,23.2135,218,153,295.8,-0.28,flat
3687,23.2216,250,154,295.8,-0.28,flat
3688,23.2297,232,154,295.8,-0.24,flat
3689,23.2378,235,154,295.6,-0.24,flat
3690,23.246,245,154,295.6,-0.24,flat
3691,23.2542,254,154,295.6,-0.24,flat
3692,23.2624,241,154,295.6,-0.24,flat
3693,23.2707,278,154,295.6,-0.24,flat
3694,23.279,243,154,295.6,-0.2,flat
3695,23.2871,207,154,295.6,-0.2,flat
3696,23.2953,191,153,295.6,-0.16,flat
3697,23.3033,197,154,295.6,-0.16,flat
3698,23.3113,208,154,295.6,-0.2,flat
3699,23.3192,228,154,295.6,-0.2,flat
3700,23.3271,221,153,295.4,-0.2,flat
3701,23.3352,244,153,295.4,-0.16,flat
3702,23.3434,262,154,295.4,-0.16,flat
3703,23.3515,260,153,295.4,-0.16,flat
3704,23.3597,258,153,295.4,-0.16,flat
3705,23.3681,232,153,295.4,-0.16,flat
3706,23.3763,248,154,295.4,-0.16,flat
3707,23.3846,250,154,295.6,-0.12,flat
3708,23.393,246,154,295.6,-0.12,flat
3709,23.4013,240,154,295.6,-0.12,flat
3710,23.4096,242,154,295.6,-0.12,flat
3711,23.4179,248,154,295.6,-0.16,flat
3712,23.4263,262,155,295.4,-0.12,flat
3713,23.4347,240,155,295.4,-0.12,flat
3714,23.443,236,155,295.4,-0.12,flat
3715,23.4514,240,155,295.4,-0.12,flat
3716,23.4597,243,155,295.4,-0.12,flat
3717,23.468,233,155,295.4,-0.12,flat
3718,23.4763,242,156,295.4,-0.12,flat
3719,23.4847,233,156,295.4,-0.08,flat
3720,23.4931,242,156,295.4,-0.04,flat
3721,23.5015,232,156,295.4,-0.04,flat
3722,23.5101,230,156,295.4,0.0,flat
3723,23.5185,238,156,295.4,0.0,flat
3724,23.527,251,156,295.4,0.04,flat
3725,23.5355,266,156,295.4,0.04,flat
3726,23.5441,243,157,295.6,0.08,flat
3727,23.5528,242,157,295.6,0.08,flat
3728,23.5615,247,157,295.4,0.12,flat
3729,23.5702,238,157,295.4,0.12,flat
3730,23.5789,224,157,295.4,0.2,flat
3731,23.5877,235,157,295.4,0.2,flat
3732,23.5965,229,157,295.4,0.24,flat
3733,23.6052,218,157,295.4,0.28,flat
3734,23.614,251,157,295.4,0.32,flat
3735,23.6229,232,157,295.4,0.36,flat
3736,23.6316,227,157,295.4,0.41,flat
3737,23.6403,255,157,295.4,0.41,flat
3738,23.6491,246,157,295.4,0.41,flat
3739,23.6578,260,157,295.4,0.46,flat
3740,23.6663,267,157,295.4,0.5,flat
3741,23.6749,287,157,295.2,0.55,flat
3742,23.6835,249,157,295.2,0.63,flat
3743,23.6922,301,157,295.2,0.68,flat
3744,23.7009,300,158,295.2,0.77,flat
3745,23.7096,282,158,295.2,0.82,flat
3746,23.7183,267,158,295.2,0.87,flat
3747,23.7269,272,158,295.2,0.87,flat
3748,23.7354,245,158,295.2,0.87,flat
3749,23.744,268,158,295.2,0.92,flat
3750,23.7525,299,157,295.4,0.92,flat
3751,23.7608,252,158,295.4,0.92,flat
3752,23.7691,244,158,295.6,0.93,flat
3753,23.7771,196,158,295.6,0.88,flat
3754,23.7851,225,158,295.8,0.88,flat
3755,23.7931,227,158,295.8,0.84,flat
3756,23.8008,258,158,296.0,0.75,flat
3757,23.8085,238,158,296.0,0.66,flat
3758,23.8161,243,158,296.2,0.66,flat
3759,23.8237,220,158,296.2,0.57,flat
3760,23.831,131,158,296.4,0.53,flat
3761,23.8381,179,158,296.4,0.44,flat
3762,23.845,190,159,296.6,0.35,flat
3763,23.8514,41,158,296.8,0.31,flat
3764,23.8573,41,158,297.0,0.27,flat
3765,23.8631,41,158,297.2,0.22,flat
3766,23.8685,142,158,297.4,0.18,flat
3767,23.8738,157,157,297.6,0.13,flat
3768,23.879,156,157,297.6,0.13,flat
3769,23.8842,215,157,297.8,0.09,flat
3770,23.8892,178,157,298.0,0.09,flat
3771,23.8942,167,156,298.2,0.13,flat
3772,23.8992,176,156,298.4,0.13,flat
3773,23.9043,161,156,298.6,0.13,flat
3774,23.9098,142,155,299.0,0.09,flat
3775,23.9154,113,155,299.2,0.09,flat
3776,23.9214,134,155,299.4,0.09,flat
3777,23.9276,122,155,299.4,0.09,flat
3778,23.934,141,154,299.4,0.09,flat
3779,23.9409,126,154,299.6,0.09,flat
3780,23.9483,107,154,299.6,0.04,flat
3781,23.956,115,153,299.6,0.04,flat
3782,23.9639,100,153,299.6,0.0,flat
3783,23.972,89,153,299.4,0.0,flat
3784,23.9805,108,152,299.4,-0.04,flat
3785,23.989,143,152,299.2,-0.04,flat
3786,23.9975,142,152,299.0,-0.09,flat
3787,24.0061,131,151,298.6,-0.13,flat
3788,24.0147,130,151,298.4,-0.18,flat
3789,24.0234,133,151,298.0,-0.18,flat
3790,24.0321,151,150,297.8,-0.26,flat
3791,24.0407,151,150,297.4,-0.26,flat
3792,24.0494,158,150,297.0,-0.31,flat
3793,24.058,170,150,296.8,-0.35,flat
3794,24.0668,200,149,296.6,-0.39,flat
3795,24.0755,188,149,296.4,-0.47,flat
3796,24.0842,174,149,296.2,-0.51,flat
3797,24.0929,169,148,296.0,-0.55,flat
3798,24.1014,169,148,296.0,-0.55,flat
3799,24.1097,184,148,295.8,-0.59,flat
3800,24.1182,186,148,295.8,-0.62,flat
3801,24.1264,193,148,295.8,-0.66,flat
3802,24.1336,183,148,295.8,-0.7,flat
3803,24.1418,199,148,295.8,-0.73,flat
3804,24.1505,182,148,295.6,-0.81,flat
3805,24.1592,186,147,295.6,-0.85,flat
3806,24.168,187,147,295.6,-0.89,flat
3807,24.1767,193,147,295.6,-0.88,flat
3808,24.1856,164,147,295.6,-0.88,flat
3809,24.1904,203,147,295.6,-0.92,flat
3810,24.1993,172,146,295.6,-0.92,flat
3811,24.2079,184,146,295.6,-0.91,flat
3812,24.2167,185,147,295.6,-0.87,flat
3813,24.2254,182,146,295.6,-0.83,flat
3814,24.234,180,146,295.6,-0.83,flat
3815,24.2426,191,146,295.6,-0.79,flat
3816,24.2512,207,146,295.6,-0.76,flat
3817,24.2597,195,146,295.4,-0.68,flat
3818,24.2684,203,146,295.4,-0.64,flat
3819,24.2769,200,147,295.4,-0.56,flat
3820,24.2855,200,146,295.2,-0.52,flat
3821,24.2939,189,146,295.2,-0.44,flat
3822,24.3024,202,146,295.2,-0.36,flat
3823,24.3109,202,146,295.2,-0.32,flat
3824,24.3192,197,146,295.2,-0.28,flat
3825,24.3276,198,145,295.0,-0.24,flat
3826,24.3359,236,145,295.0,-0.16,flat
3827,24.3443,201,145,295.0,-0.12,flat
3828,24.3526,226,145,295.0,-0.12,flat
3829,24.3609,226,145,295.0,-0.08,flat
3830,24.3692,230,145,295.0,-0.08,flat
3831,24.3775,216,145,295.0,-0.08,flat
3832,24.3858,210,145,295.0,-0.08,flat
3833,24.3941,197,146,295.0,-0.04,flat
3834,24.4022,197,146,295.0,0.0,flat
3835,24.4103,202,146,295.0,0.0,flat
3836,24.4184,192,146,295.0,0.0,flat
3837,24.4265,204,146,295.0,0.0,flat
3838,24.4346,196,146,295.0,0.0,flat
3839,24.4428,216,146,295.0,0.0,flat
3840,24.451,232,146,295.0,0.0,flat
3841,24.4592,228,146,295.0,0.04,flat
3842,24.4674,218,146,295.2,0.04,flat
3843,24.4757,221,146,295.2,0.04,flat
3844,24.4841,224,145,295.2,0.04,flat
3845,24.4924,182,146,295.2,0.08,flat
3846,24.5006,175,146,295.2,0.08,flat
3847,24.5087,191,146,295.2,0.16,flat
3848,24.517,208,146,295.2,0.16,flat
3849,24.5253,235,146,295.2,0.2,flat
3850,24.5336,261,146,295.2,0.24,flat
3851,24.5419,224,146,295.2,0.25,flat
3852,24.5503,249,146,295.2,0.29,flat
3853,24.5586,255,146,295.2,0.29,flat
3854,24.567,246,147,295.2,0.29,flat
3855,24.5754,241,147,295.2,0.37,flat
3856,24.5838,236,147,295.4,0.37,flat
3857,24.5922,233,147,295.4,0.41,flat
3858,24.6007,207,147,295.4,0.46,flat
3859,24.6091,222,148,295.4,0.46,flat
3860,24.6176,233,148,295.4,0.46,flat
3861,24.6261,218,148,295.4,0.5,flat
3862,24.6345,210,147,295.4,0.55,flat
3863,24.643,192,147,295.6,0.59,flat
3864,24.6513,190,148,295.6,0.59,flat
3865,24.6597,192,147,295.6,0.64,flat
3866,24.6681,191,147,295.6,0.68,flat
3867,24.6763,171,147,295.6,0.72,flat
3868,24.6845,189,147,295.6,0.77,flat
3869,24.6926,180,147,295.6,0.81,flat
3870,24.7005,180,146,295.6,0.86,flat
3871,24.7083,211,146,295.8,0.9,flat
3872,24.716,181,146,295.8,0.91,flat
3873,24.7236,190,146,295.8,1.0,flat
3874,24.7312,186,146,295.8,1.0,flat
3875,24.7388,200,146,296.0,1.09,flat
3876,24.7462,193,146,296.0,1.09,flat
3877,24.7537,206,146,296.2,1.14,flat
3878,24.7612,222,146,296.2,1.14,flat
3879,24.7686,216,146,296.4,1.19,flat
3880,24.7759,216,146,296.4,1.24,flat
3881,24.7834,237,146,296.4,1.24,flat
3882,24.7908,249,146,296.6,1.29,flat
3883,24.7981,246,146,296.6,1.25,flat
3884,24.8053,231,146,296.6,1.3,flat
3885,24.8126,228,146,296.8,1.35,flat
3886,24.8199,242,146,296.8,1.35,flat
3887,24.8271,248,146,297.0,1.4,flat
3888,24.8343,237,147,297.2,1.45,flat
3889,24.8413,215,147,297.2,1.46,flat
3890,24.8483,220,147,297.2,1.51,flat
3891,24.8553,183,147,297.4,1.56,flat
3892,24.8621,173,147,297.6,1.56,flat
3893,24.8688,196,147,297.8,1.57,flat
3894,24.8755,176,147,297.8,1.62,flat
3895,24.8823,241,147,298.0,1.67,flat
3896,24.8891,245,147,298.2,1.72,flat
3897,24.8959,266,147,298.4,1.77,flat
3898,24.9029,271,147,298.6,1.78,flat
3899,24.9098,264,147,298.8,1.83,flat
3900,24.9168,247,147,299.0,1.83,flat
3901,24.9237,234,147,299.2,1.83,flat
3902,24.9306,235,147,299.4,1.88,flat
3903,24.9375,233,147,299.8,1.89,flat
3904,24.9444,260,147,299.8,1.89,flat
3905,24.9512,262,148,300.2,1.84,flat
3906,24.9581,244,148,300.2,1.89,flat
3907,24.965,245,148,300.4,1.89,flat
3908,24.9718,223,148,300.4,1.89,flat
3909,24.9786,242,149,300.6,1.84,flat
3910,24.9856,274,149,300.8,1.89,flat
3911,24.9925,256,149,300.8,1.89,flat
3912,24.9994,248,150,301.0,1.84,flat
3913,25.0063,243,150,300.8,1.84,flat
3914,25.0132,264,150,301.0,1.84,flat
3915,25.0203,250,151,301.2,1.83,flat
3916,25.0273,267,151,301.4,1.83,flat
3917,25.0344,269,151,301.6,1.78,flat
3918,25.0415,263,152,301.8,1.74,flat
3919,25.0486,237,152,301.8,1.73,flat
3920,25.0557,207,152,302.0,1.78,flat
3921,25.0627,220,152,302.2,1.73,flat
3922,25.0698,233,153,302.2,1.68,flat
3923,25.0768,220,153,302.4,1.63,flat
3924,25.0838,225,153,302.6,1.62,flat
3925,25.0908,219,153,302.8,1.57,flat
3926,25.0978,221,153,303.0,1.52,flat
3927,25.1048,215,153,303.2,1.47,flat
3928,25.112,230,153,303.2,1.42,flat
3929,25.119,195,154,303.4,1.42,flat
3930,25.1262,195,154,303.4,1.37,flat
3931,25.1334,188,154,303.6,1.32,flat
3932,25.1406,190,154,303.8,1.27,flat
3933,25.1479,189,154,303.8,1.18,flat
3934,25.1553,196,154,303.8,1.18,flat
3935,25.1627,185,154,303.8,1.08,flat
3936,25.1701,188,154,304.0,1.08,flat
3937,25.1775,167,154,304.2,1.03,flat
3938,25.1849,168,154,304.2,1.03,flat
3939,25.1923,168,154,304.2,0.98,flat
3940,25.1999,196,154,304.4,0.93,flat
3941,25.2074,167,154,304.4,0.93,flat
3942,25.215,170,154,304.4,0.88,flat
3943,25.2225,161,154,304.4,0.92,flat
3944,25.23,174,153,304.4,0.87,flat
3945,25.2377,178,153,304.6,0.83,flat
3946,25.2453,185,153,304.6,0.78,flat
3947,25.253,183,153,304.6,0.74,flat
3948,25.2606,178,153,304.6,0.69,flat
3949,25.2684,184,153,304.6,0.69,flat
3950,25.2761,204,153,304.8,0.64,flat
3951,25.2838,180,153,304.8,0.6,flat
3952,25.2916,171,153,304.8,0.6,flat
3953,25.2994,183,152,304.8,0.51,flat
3954,25.3072,181,152,304.8,0.46,flat
3955,25.3149,196,152,304.8,0.42,flat
3956,25.3227,183,152,304.8,0.38,flat
3957,25.3305,184,152,304.8,0.29,flat
3958,25.3383,162,152,304.8,0.29,flat
3959,25.3463,174,152,305.0,0.25,flat
3960,25.3542,203,152,305.0,0.25,flat
3961,25.3622,204,152,305.0,0.21,flat
3962,25.3704,202,152,305.0,0.12,flat
3963,25.3785,205,152,305.0,0.12,flat
3964,25.3867,203,152,305.0,0.12,flat
3965,25.395,216,152,305.0,0.12,flat
3966,25.4034,221,152,305.0,0.08,flat
3967,25.4117,196,152,305.0,0.04,flat
3968,25.42,202,152,305.0,0.04,flat
3969,25.4285,187,152,305.0,0.04,flat
3970,25.437,191,152,305.0,0.04,flat
3971,25.4454,193,152,305.0,0.04,flat
3972,25.454,185,152,305.0,0.04,flat
3973,25.4625,196,152,305.0,0.04,flat
3974,25.4711,187,152,305.0,0.04,flat
3975,25.4797,184,152,305.0,0.0,flat
3976,25.4883,184,152,305.0,0.0,flat
3977,25.4968,173,152,305.0,0.0,flat
3978,25.5054,192,151,305.0,-0.04,flat
3979,25.514,211,152,305.0,-0.08,flat
3980,25.5227,189,151,305.0,-0.12,flat
3981,25.5314,192,152,305.0,-0.12,flat
3982,25.5401,189,152,305.0,-0.12,flat
3983,25.5489,201,151,304.8,-0.12,flat
3984,25.5576,191,151,304.8,-0.12,flat
3985,25.5663,185,152,304.8,-0.12,flat
3986,25.575,183,151,304.8,-0.12,flat
3987,25.5837,184,151,304.6,-0.08,flat
3988,25.5924,186,151,304.6,-0.08,flat
3989,25.6011,201,151,304.6,-0.12,flat
3990,25.6097,207,151,304.6,-0.08,flat
3991,25.6183,189,151,304.6,-0.08,flat
3992,25.627,217,150,304.4,-0.04,flat
3993,25.6356,190,150,304.4,0.0,flat
3994,25.6443,197,150,304.4,0.04,flat
3995,25.653,184,150,304.4,0.08,flat
3996,25.6616,157,150,304.4,0.12,flat
3997,25.6703,162,150,304.4,0.16,flat
3998,25.6789,162,150,304.4,0.2,flat
3999,25.6877,191,150,304.4,0.24,flat
4000,25.6967,264,150,304.6,0.28,flat
4001,25.7058,275,150,304.6,0.36,flat
4002,25.7149,234,150,304.6,0.44,flat
4003,25.7239,239,150,304.6,0.48,flat
4004,25.7331,215,150,304.6,0.56,flat
4005,25.7422,243,150,304.6,0.6,flat
4006,25.7513,230,150,304.6,0.64,flat
4007,25.7604,234,150,304.6,0.69,flat
4008,25.7694,197,150,304.4,0.77,flat
4009,25.7784,231,150,304.2,0.82,flat
4010,25.7873,218,150,304.2,0.87,flat
4011,25.7963,253,150,304.2,0.92,flat
4012,25.8053,235,150,304.2,0.97,flat
4013,25.8142,260,150,304.2,1.06,flat
4014,25.823,249,150,304.2,1.12,flat
4015,25.8317,200,150,304.2,1.17,flat
4016,25.8402,207,151,304.2,1.23,flat
4017,25.8484,193,151,304.4,1.38,flat
4018,25.8568,226,151,304.4,1.44,flat
4019,25.8649,232,151,304.4,1.5,flat
4020,25.8728,248,151,304.6,1.56,flat
4021,25.8805,270,151,304.6,1.63,flat
4022,25.8883,260,151,304.8,1.74,flat
4023,25.8958,247,151,305.0,1.81,flat
4024,25.9031,254,151,305.2,1.88,flat
4025,25.9104,223,152,305.4,2.01,flat
4026,25.9175,261,152,305.6,2.08,flat
4027,25.9245,234,152,305.8,2.16,flat
4028,25.9314,270,152,306.0,2.24,flat
4029,25.9383,270,152,306.2,2.37,flat
4030,25.9451,258,152,306.4,2.41,flat
4031,25.9518,261,152,306.8,2.5,flat
4032,25.9584,269,152,307.2,2.59,flat
4033,25.965,309,152,307.4,2.69,flat
4034,25.9716,310,152,307.8,2.79,flat
4035,25.9782,301,153,308.0,2.89,flat
4036,25.9848,250,153,308.2,3.0,flat
4037,25.9913,275,153,308.4,3.11,climb
4038,25.9976,234,153,308.8,3.28,climb
4039,26.0029,0,153,309.0,3.46,climb
4040,26.0074,0,154,309.2,3.59,climb
4041,26.0118,0,154,309.4,3.72,climb
4042,26.0158,292,154,309.6,3.93,climb
4043,26.0197,169,154,309.8,4.14,climb
4044,26.0235,170,155,310.0,4.29,climb
4045,26.0273,152,155,310.2,4.38,climb
4046,26.0309,170,155,310.4,4.55,climb
4047,26.0344,178,154,310.8,4.71,climb
4048,26.0378,204,155,311.0,4.88,climb
4049,26.0412,220,155,311.2,5.06,climb
4050,26.0446,253,154,311.4,5.17,climb
4051,26.048,237,154,311.6,5.43,climb
4052,26.0516,295,154,311.8,5.55,climb
4053,26.0551,235,155,312.0,5.67,climb
4054,26.0586,196,154,312.2,5.78,climb
4055,26.0619,205,155,312.6,5.98,climb
4056,26.0653,190,154,312.8,6.1,climb
4057,26.0686,174,154,313.0,6.31,climb
4058,26.0718,188,154,313.2,6.43,climb
4059,26.0751,181,154,313.6,6.57,climb
4060,26.0784,213,155,313.8,6.7,climb
4061,26.0818,204,155,314.0,6.93,climb
4062,26.0851,204,155,314.2,6.87,climb
4063,26.0885,203,155,314.4,7.11,climb
4064,26.0919,193,155,314.6,7.26,climb
4065,26.0952,226,154,314.8,7.31,climb
4066,26.0984,226,154,315.0,7.46,climb
4067,26.1015,221,155,315.2,7.61,climb
4068,26.1046,242,155,315.4,7.76,climb
4069,26.1076,229,155,315.6,7.86,climb
4070,26.1104,232,154,315.8,7.94,climb
4071,26.1132,232,154,316.0,8.02,climb
4072,26.1159,244,154,316.4,8.3,climb
4073,26.1186,250,154,316.8,8.36,climb
4074,26.1212,245,154,317.0,8.41,climb
4075,26.1237,243,153,317.0,8.46,climb
4076,26.1262,234,153,317.2,8.61,climb
4077,26.1287,225,154,317.6,8.53,climb
4078,26.1312,224,153,317.8,8.57,climb
4079,26.1335,221,153,318.0,8.6,climb
4080,26.1358,236,153,318.2,8.87,climb
4081,26.1381,233,153,318.6,8.9,climb
4082,26.1404,243,153,318.8,9.07,climb
4083,26.1428,243,153,319.0,9.23,climb
4084,26.1453,244,153,319.2,9.38,climb
4085,26.1478,234,153,319.6,9.28,climb
4086,26.1503,245,153,319.8,9.44,climb
4087,26.1527,226,153,320.2,9.46,climb
4088,26.1552,221,153,320.4,9.48,climb
4089,26.1576,234,153,320.6,9.39,climb
4090,26.16,234,153,320.8,9.66,climb
4091,26.1625,239,153,321.4,9.71,climb
4092,26.165,239,153,321.4,9.74,climb
4093,26.1675,236,153,321.8,9.78,climb
4094,26.1699,264,153,322.2,9.94,climb
4095,26.1725,290,153,322.2,10.1,climb
4096,26.1751,290,153,322.4,10.25,climb
4097,26.1779,291,153,322.6,10.28,climb
4098,26.1807,284,153,323.0,10.42,climb
4099,26.1835,279,153,323.2,10.44,climb
4100,26.1862,265,153,323.4,10.69,climb
4101,26.1889,267,154,323.6,10.82,climb
4102,26.1916,259,154,324.2,10.94,climb
4103,26.1944,282,154,324.4,10.8,climb
4104,26.1971,248,154,324.6,10.78,climb
4105,26.1999,276,153,324.8,10.88,climb
4106,26.2027,271,154,325.2,10.86,climb
4107,26.2055,262,154,325.4,10.71,climb
4108,26.2082,262,154,325.6,10.93,climb
4109,26.211,248,154,325.8,10.88,climb
4110,26.2138,242,154,326.4,10.84,climb
4111,26.2165,246,154,326.6,10.66,climb
4112,26.2192,259,154,327.0,10.62,climb
4113,26.222,286,154,327.4,10.57,climb
4114,26.2249,292,154,327.8,10.65,climb
4115,26.2278,265,154,328.0,10.62,climb
4116,26.2306,267,154,328.4,10.59,climb
4117,26.2335,264,155,328.6,10.55,climb
4118,26.2363,281,155,328.8,10.52,climb
4119,26.2391,265,155,329.0,10.48,climb
4120,26.2419,269,155,329.6,10.45,climb
4121,26.2446,266,155,329.8,10.29,climb
4122,26.2473,267,155,330.0,10.37,climb
4123,26.2501,307,154,330.2,10.44,climb
4124,26.2528,296,155,330.6,10.15,climb
4125,26.2556,289,154,331.0,10.34,climb
4126,26.2584,290,155,331.4,10.31,climb
4127,26.2611,287,155,331.6,10.51,climb
4128,26.2639,238,155,332.0,10.36,climb
4129,26.2666,266,155,332.2,10.45,climb
4130,26.2694,265,155,332.8,10.42,climb
4131,26.2722,249,155,333.2,10.39,climb
4132,26.275,249,155,333.8,10.13,climb
4133,26.2778,247,155,334.0,10.2,climb
4134,26.2807,232,156,334.2,10.28,climb
4135,26.2836,239,156,334.4,10.35,climb
4136,26.2864,252,156,334.6,10.21,climb
4137,26.2893,253,156,334.8,10.17,climb
4138,26.2922,273,156,335.4,10.24,climb
4139,26.2952,247,156,335.6,10.21,climb
4140,26.2982,291,156,335.8,9.96,climb
4141,26.3013,251,156,336.0,10.14,climb
4142,26.3043,262,156,336.2,9.89,climb
4143,26.3074,272,157,336.4,9.87,climb
4144,26.3105,272,157,336.8,9.74,climb
4145,26.3135,252,157,337.2,9.93,climb
4146,26.3165,256,157,337.4,9.79,climb
4147,26.3195,243,157,337.8,9.99,climb
4148,26.3225,247,157,338.0,9.96,climb
4149,26.3255,260,157,338.2,10.03,climb
4150,26.3285,249,157,338.4,9.78,climb
4151,26.3316,243,157,338.8,9.73,climb
4152,26.3347,256,158,339.0,9.8,climb
4153,26.338,264,158,339.6,9.75,climb
4154,26.3413,256,158,339.6,9.59,climb
4155,26.3446,258,158,340.0,9.54,climb
4156,26.3478,273,159,340.2,9.29,climb
4157,26.3511,285,159,340.8,9.23,climb
4158,26.3544,282,159,341.0,9.08,climb
4159,26.3577,273,158,341.4,9.03,climb
4160,26.3609,281,159,341.6,8.69,climb
4161,26.3641,310,159,341.8,8.65,climb
4162,26.3674,311,159,342.0,8.41,climb
4163,26.3708,319,159,342.4,8.27,climb
4164,26.3742,316,159,342.8,8.24,climb
4165,26.3776,308,159,343.2,8.22,climb
4166,26.381,303,160,343.4,8.19,climb
4167,26.3845,284,160,343.6,8.16,climb
4168,26.3879,290,160,344.0,8.02,climb
4169,26.3913,265,160,344.2,8.0,climb
4170,26.3946,298,160,344.4,8.07,climb
4171,26.3979,265,160,345.0,7.94,climb
4172,26.4012,267,160,345.0,8.0,climb
4173,26.4044,286,161,345.4,7.88,climb
4174,26.4077,288,161,345.6,7.75,climb
4175,26.4111,257,160,346.2,7.62,climb
4176,26.4144,234,161,346.4,7.68,climb
4177,26.4177,216,160,347.0,7.45,climb
4178,26.4211,227,161,347.2,7.41,climb
4179,26.4245,197,160,347.6,7.38,climb
4180,26.428,197,161,347.8,7.34,climb
4181,26.4316,210,160,348.0,7.12,climb
4182,26.4351,201,160,348.4,7.09,climb
4183,26.4388,240,160,348.6,6.88,climb
4184,26.4425,210,160,348.8,6.94,climb
4185,26.4463,195,161,349.2,6.73,climb
4186,26.4501,207,160,349.2,6.59,climb
4187,26.4539,196,160,349.4,6.37,climb
4188,26.4577,194,161,349.6,6.24,climb
4189,26.4614,174,160,349.8,6.03,climb
4190,26.4651,193,160,349.8,6.07,climb
4191,26.4688,206,160,350.2,5.94,climb
4192,26.4725,176,160,350.4,5.81,climb
4193,26.4761,209,160,350.4,5.5,climb
4194,26.4797,199,160,350.6,5.38,climb
4195,26.4832,216,160,350.8,5.16,climb
4196,26.4867,215,160,351.0,5.04,climb
4197,26.4904,233,160,351.2,4.91,climb
4198,26.4941,253,160,351.6,4.78,climb
4199,26.4978,226,160,351.8,4.66,climb
4200,26.5015,247,160,352.2,4.53,climb
4201,26.5053,211,159,352.2,4.24,climb
4202,26.5092,212,159,352.6,4.21,climb
4203,26.513,208,159,352.6,4.0,climb
4204,26.5169,216,159,352.8,3.97,climb
4205,26.5209,193,159,353.0,3.69,climb
4206,26.5249,177,159,353.4,3.57,climb
4207,26.5289,171,159,353.4,3.29,climb
4208,26.5329,181,159,353.6,3.17,climb
4209,26.5369,177,159,353.8,2.99,flat
4210,26.5409,161,158,354.0,2.95,flat
4211,26.545,146,158,354.0,2.84,flat
4212,26.549,135,158,354.2,2.66,flat
4213,26.5531,147,158,354.4,2.55,flat
4214,26.5573,134,158,354.6,2.38,flat
4215,26.5617,134,158,354.6,2.21,flat
4216,26.5662,129,157,354.6,2.12,flat
4217,26.5708,124,157,354.8,1.96,flat
4218,26.5754,120,157,354.8,1.8,flat
4219,26.5801,115,157,354.8,1.71,flat
4220,26.5849,127,156,355.2,1.69,flat
4221,26.5898,152,156,355.2,1.48,flat
4222,26.5947,97,156,355.2,1.4,flat
4223,26.5997,144,156,355.0,1.32,flat
4224,26.6048,183,155,355.2,1.24,flat
4225,26.6101,158,155,355.2,1.17,flat
4226,26.6153,224,155,355.2,1.1,flat
4227,26.6208,180,155,355.2,1.03,flat
4228,26.6263,184,155,355.4,0.9,flat
4229,26.6319,185,155,355.4,0.89,flat
4230,26.6374,171,154,355.4,0.77,flat
4231,26.643,166,154,355.4,0.77,flat
4232,26.6485,169,154,355.4,0.71,flat
4233,26.6542,166,154,355.4,0.76,flat
4234,26.6599,164,154,355.6,0.76,flat
4235,26.666,155,153,355.6,0.82,flat
4236,26.6723,166,153,355.6,0.7,flat
4237,26.6789,177,153,355.6,0.81,flat
4238,26.6857,164,152,355.6,0.87,flat
4239,26.6925,156,152,355.6,0.92,flat
4240,26.6995,140,152,355.8,0.92,flat
4241,26.7066,123,152,355.8,1.09,flat
4242,26.7137,122,152,355.8,1.03,flat
4243,26.7208,121,151,355.8,1.14,flat
4244,26.7282,124,151,355.6,1.14,flat
4245,26.7356,142,151,355.6,1.2,flat
4246,26.7431,157,150,355.4,1.2,flat
4247,26.7505,153,150,355.2,1.25,flat
4248,26.7579,165,150,355.0,1.26,flat
4249,26.7652,161,150,355.0,1.43,flat
4250,26.7726,160,149,355.0,1.43,flat
4251,26.7799,156,149,354.8,1.55,flat
4252,26.7872,167,148,354.8,1.61,flat
4253,26.7942,173,148,354.6,1.73,flat
4254,26.8013,192,148,354.6,1.73,flat
4255,26.8082,144,148,354.6,1.85,flat
4256,26.8149,211,148,354.6,1.91,flat
4257,26.8213,220,148,354.6,2.09,flat
4258,26.8274,216,148,354.6,2.03,flat
4259,26.8332,225,147,354.8,2.15,flat
4260,26.8388,248,148,354.8,2.15,flat
4261,26.8441,219,147,354.8,2.2,flat
4262,26.8492,253,147,355.0,2.2,flat
4263,26.8542,210,148,355.2,2.2,flat
4264,26.8591,274,148,355.4,2.14,flat
4265,26.8639,325,148,355.8,2.14,flat
4266,26.8688,290,148,355.8,2.14,flat
4267,26.8737,299,148,356.2,2.14,flat
4268,26.8785,301,148,356.6,2.14,flat
4269,26.8834,327,148,357.0,2.14,flat
4270,26.8884,316,149,357.2,2.02,flat
4271,26.8933,301,149,357.8,2.02,flat
4272,26.8982,319,150,357.8,2.02,flat
4273,26.9031,313,150,358.4,1.97,flat
4274,26.9079,306,150,358.6,2.03,flat
4275,26.9126,294,150,358.8,1.97,flat
4276,26.9171,289,151,358.8,2.03,flat
4277,26.9215,269,151,359.2,2.08,flat
4278,26.9257,276,151,359.2,2.14,flat
4279,26.9299,264,151,359.8,2.14,flat
4280,26.934,253,151,360.2,2.14,flat
4281,26.9382,256,151,360.6,2.13,flat
4282,26.9424,243,151,360.8,2.13,flat
4283,26.9469,235,151,361.0,2.18,flat
4284,26.9515,200,151,361.2,2.12,flat
4285,26.9562,197,150,361.6,2.12,flat
4286,26.961,160,150,361.8,2.11,flat
4287,26.966,158,149,362.4,2.1,flat
4288,26.9713,130,149,362.4,2.09,flat
4289,26.9767,135,149,362.8,2.02,flat
4290,26.9822,149,149,362.8,2.01,flat
4291,26.9879,136,148,363.0,2.0,flat
4292,26.9936,163,148,363.0,1.98,flat
4293,26.9995,157,148,363.0,1.91,flat
4294,27.0056,151,148,363.0,1.9,flat
4295,27.0119,148,148,363.0,1.77,flat
4296,27.0183,148,148,363.0,1.76,flat
4297,27.025,186,148,363.0,1.64,flat
4298,27.0318,181,148,363.0,1.52,flat
4299,27.0386,160,149,363.0,1.41,flat
4300,27.0455,164,149,362.8,1.4,flat
4301,27.0524,180,148,362.8,1.29,flat
4302,27.0595,192,149,362.8,1.33,flat
4303,27.0665,193,149,362.6,1.22,flat
4304,27.0737,199,149,362.6,1.21,flat
4305,27.081,215,149,362.4,1.15,flat
4306,27.0883,229,149,362.4,1.19,flat
4307,27.0959,214,149,362.4,1.13,flat
4308,27.1036,184,149,362.4,1.12,flat
4309,27.1114,191,149,362.4,0.96,flat
4310,27.1191,200,150,362.4,0.86,flat
4311,27.1269,219,150,362.2,0.76,flat
4312,27.1346,247,150,362.2,0.7,flat
4313,27.1425,271,150,362.2,0.65,flat
4314,27.1502,247,150,362.0,0.6,flat
4315,27.158,237,150,362.0,0.46,flat
4316,27.1658,234,150,362.0,0.36,flat
4317,27.1734,216,151,362.0,0.18,flat
4318,27.181,240,151,362.0,0.18,flat
4319,27.1889,252,151,362.0,0.09,flat
4320,27.1968,252,151,362.0,0.04,flat
4321,27.2047,259,151,362.0,-0.09,flat
4322,27.2127,246,151,362.2,-0.13,flat
4323,27.2206,235,152,362.2,-0.21,flat
4324,27.2284,254,152,362.4,-0.29,flat
4325,27.2362,257,152,362.4,-0.42,flat
4326,27.244,257,152,362.4,-0.45,flat
4327,27.2515,260,152,362.4,-0.57,flat
4328,27.259,280,152,362.4,-0.61,flat
4329,27.2666,259,152,362.4,-0.73,flat
4330,27.2741,248,152,362.6,-0.72,flat
4331,27.2816,266,153,362.8,-0.8,flat
4332,27.2893,262,153,363.0,-0.88,flat
4333,27.297,264,153,363.2,-0.8,flat
4334,27.3049,251,153,363.4,-0.8,flat
4335,27.3128,211,153,363.4,-0.8,flat
4336,27.3208,172,153,363.6,-0.76,flat
4337,27.3287,181,153,363.8,-0.8,flat
4338,27.3367,158,153,363.8,-0.76,flat
4339,27.3447,154,153,363.8,-0.76,flat
4340,27.3527,134,153,363.8,-0.76,flat
4341,27.3609,138,154,363.8,-0.64,flat
4342,27.369,66,154,363.8,-0.61,flat
4343,27.3773,79,154,363.8,-0.61,flat
4344,27.3858,79,154,363.8,-0.49,flat
4345,27.3944,85,153,363.6,-0.5,flat
4346,27.4033,94,153,363.4,-0.5,flat
4347,27.4127,98,153,363.2,-0.5,flat
4348,27.4223,129,153,363.2,-0.51,flat
4349,27.4322,139,153,363.2,-0.56,flat
4350,27.4423,141,153,363.0,-0.56,flat
4351,27.4524,134,152,362.6,-0.57,flat
4352,27.4627,99,152,362.4,-0.62,flat
4353,27.473,116,152,362.0,-0.62,flat
4354,27.4833,133,152,361.6,-0.67,flat
4355,27.4934,124,152,361.0,-0.68,flat
4356,27.5036,140,151,360.8,-0.64,flat
4357,27.5136,83,151,360.2,-0.64,flat
4358,27.5234,0,151,360.0,-0.64,flat
4359,27.533,0,150,359.4,-0.6,flat
4360,27.5424,0,150,359.2,-0.65,flat
4361,27.5514,0,149,358.8,-0.61,flat
4362,27.56,47,149,358.4,-0.66,flat
4363,27.5682,263,148,358.6,-0.66,flat
4364,27.5761,233,148,358.6,-0.66,flat
4365,27.5836,126,148,358.4,-0.62,flat
4366,27.5906,82,147,358.6,-0.67,flat
4367,27.5975,110,147,358.4,-0.67,flat
4368,27.6041,1,146,358.6,-0.63,flat
4369,27.6106,0,146,358.6,-0.58,flat
4370,27.6171,0,146,358.6,-0.54,flat
4371,27.6234,0,145,359.0,-0.54,flat
4372,27.6288,0,144,359.2,-0.49,flat
4373,27.6337,0,143,359.2,-0.49,flat
4374,27.6386,0,141,359.6,-0.5,flat
4375,27.6428,0,140,359.6,-0.45,flat
4376,27.6468,0,138,359.6,-0.4,flat
4377,27.6503,0,137,359.6,-0.35,flat
4378,27.6538,0,137,359.6,-0.31,flat
4379,27.6573,0,136,359.4,-0.31,flat
4380,27.6605,15,135,359.4,-0.26,flat
4381,27.6638,174,135,359.4,-0.16,flat
4382,27.6674,232,135,359.4,-0.11,flat
4383,27.6713,289,135,359.4,0.0,flat
4384,27.6755,306,135,359.4,0.11,flat
4385,27.68,318,135,359.4,0.27,flat
4386,27.6848,352,136,359.6,0.27,flat
4387,27.6898,256,136,359.6,0.38,flat
4388,27.6948,264,136,359.6,0.38,flat
4389,27.6999,240,137,359.8,0.54,flat
4390,27.7051,227,137,359.8,0.49,flat
4391,27.7103,224,138,360.2,0.54,flat
4392,27.7157,214,139,360.2,0.59,flat
4393,27.7211,216,139,360.4,0.43,flat
4394,27.7267,216,139,360.6,0.32,flat
4395,27.7324,231,139,360.8,0.31,flat
4396,27.7382,233,140,360.8,0.1,flat
4397,27.7443,199,140,361.0,0.1,flat
4398,27.7503,163,140,361.2,-0.05,flat
4399,27.7565,173,140,361.4,-0.15,flat
4400,27.7626,165,140,361.6,-0.3,flat
4401,27.7689,157,141,361.6,-0.54,flat
4402,27.7752,161,140,361.8,-0.73,flat
4403,27.7815,163,140,361.8,-0.73,flat
4404,27.788,155,141,361.8,-0.86,flat
4405,27.7945,129,140,361.8,-0.86,flat
4406,27.8011,137,140,361.8,-0.85,flat
4407,27.8077,133,140,361.8,-0.89,flat
4408,27.8144,112,140,362.0,-0.89,flat
4409,27.8212,112,140,362.0,-0.79,flat
4410,27.8282,102,140,362.0,-0.6,flat
4411,27.8354,118,140,362.0,-0.51,flat
4412,27.843,118,139,362.0,-0.27,flat
4413,27.8509,111,139,362.0,-0.18,flat
4414,27.859,118,139,362.0,0.0,flat
4415,27.8675,137,139,362.0,0.09,flat
4416,27.8762,139,138,361.8,0.18,flat
4417,27.8851,133,138,361.6,0.27,flat
4418,27.8942,131,138,361.4,0.41,flat
4419,27.9036,123,138,361.4,0.5,flat
4420,27.9133,121,138,361.0,0.54,flat
4421,27.9231,120,138,360.8,0.59,flat
4422,27.9331,112,137,360.6,0.68,flat
4423,27.9435,116,137,360.2,0.72,flat
4424,27.954,130,137,359.8,0.77,flat
4425,27.965,144,136,359.6,0.82,flat
4426,27.9761,215,136,359.0,0.86,flat
4427,27.9872,204,137,358.8,0.95,flat
4428,27.9981,201,137,358.4,0.96,flat
4429,28.0089,195,137,358.0,1.0,flat
4430,28.0193,222,137,357.4,1.05,flat
4431,28.0294,215,137,356.8,1.15,flat
4432,28.0387,160,137,356.2,1.15,flat
4433,28.0473,233,137,356.2,1.29,flat
4434,28.0554,207,137,356.0,1.34,flat
4435,28.0629,250,137,356.0,1.49,flat
4436,28.0697,169,138,356.0,1.54,flat
4437,28.0761,305,138,355.8,1.69,flat
4438,28.0822,308,138,355.8,1.69,flat
4439,28.0882,338,138,356.0,1.8,flat
4440,28.0936,319,139,356.8,1.85,flat
4441,28.0989,331,140,357.2,1.96,flat
4442,28.1041,357,140,358.2,2.03,flat
4443,28.1092,379,141,358.6,2.14,flat
4444,28.1144,411,141,359.4,2.16,flat
4445,28.1195,411,142,359.8,2.28,flat
4446,28.1247,433,142,360.4,2.35,flat
4447,28.13,434,143,360.8,2.48,flat
4448,28.1354,414,144,361.4,2.6,flat
4449,28.1408,375,145,362.0,2.68,flat
4450,28.1463,367,145,362.2,2.86,flat
4451,28.1517,328,146,362.8,2.94,flat
4452,28.1571,337,147,363.2,3.02,climb
4453,28.1625,328,147,363.6,3.15,climb
4454,28.1679,327,148,364.0,3.28,climb
4455,28.1734,362,149,364.4,3.35,climb
4456,28.1788,362,150,364.6,3.54,climb
4457,28.1842,334,150,365.2,3.56,climb
4458,28.1896,333,151,365.4,3.62,climb
4459,28.1949,347,152,365.8,3.53,climb
4460,28.2002,373,152,366.2,3.59,climb
4461,28.2053,352,153,366.6,3.54,climb
4462,28.2103,307,153,366.8,3.65,climb
4463,28.2152,315,154,367.4,3.37,climb
4464,28.2201,268,154,367.6,3.31,climb
4465,28.225,256,155,368.2,3.09,climb
4466,28.2298,253,155,368.4,3.02,climb
4467,28.2347,237,156,369.0,3.01,climb
4468,28.2395,216,156,369.2,2.94,flat
4469,28.2443,170,156,369.6,2.87,flat
4470,28.249,19,156,369.8,2.64,flat
4471,28.2534,19,157,370.2,2.51,flat
4472,28.2576,20,156,370.4,2.23,flat
4473,28.2618,141,157,370.8,2.11,flat
4474,28.2662,159,156,370.8,1.88,flat
4475,28.2706,163,156,371.2,1.76,flat
4476,28.2754,128,156,371.2,1.6,flat
4477,28.2805,128,156,371.4,1.48,flat
4478,28.2858,103,156,371.6,1.32,flat
4479,28.2914,97,156,371.8,1.16,flat
4480,28.2975,89,155,372.0,1.1,flat
4481,28.304,72,155,372.0,0.94,flat
4482,28.311,84,155,372.0,0.84,flat
4483,28.3185,108,155,372.0,0.74,flat
4484,28.3265,1,155,372.0,0.64,flat
4485,28.3347,1,155,372.0,0.54,flat
4486,28.3436,19,155,372.0,0.49,flat
4487,28.3528,19,155,371.8,0.34,flat
4488,28.3623,128,155,371.6,0.29,flat
4489,28.372,140,155,370.8,0.24,flat
4490,28.3816,151,154,370.4,0.29,flat
4491,28.391,127,154,369.6,0.24,flat
4492,28.4001,122,154,369.4,0.34,flat
4493,28.4089,113,154,368.4,0.34,flat
4494,28.4174,133,154,368.0,0.39,flat
4495,28.4257,101,154,367.2,0.34,flat
4496,28.4339,160,154,367.0,0.39,flat
4497,28.4419,107,154,366.8,0.34,flat
4498,28.4497,114,153,366.6,0.49,flat
4499,28.4575,110,153,366.6,0.44,flat
4500,28.4652,108,153,366.6,0.44,flat
4501,28.473,103,152,366.6,0.44,flat
4502,28.4809,126,152,366.6,0.59,flat
4503,28.4889,133,151,366.6,0.59,flat
4504,28.4969,155,151,366.6,0.69,flat
4505,28.505,173,150,366.6,0.69,flat
4506,28.5133,207,150,366.6,0.84,flat
4507,28.5218,214,149,366.6,0.84,flat
4508,28.5303,241,149,366.6,0.94,flat
4509,28.5387,214,149,366.6,0.94,flat
4510,28.5469,218,149,366.6,1.0,flat
4511,28.5548,250,149,366.6,1.05,flat
4512,28.5624,261,149,366.6,1.21,flat
4513,28.5697,257,149,366.6,1.26,flat
4514,28.5765,224,148,366.6,1.43,flat
4515,28.5831,238,149,366.6,1.54,flat
4516,28.5891,240,148,366.6,1.66,flat
4517,28.5949,259,148,366.6,1.79,flat
4518,28.6004,295,148,366.6,1.97,flat
4519,28.6056,297,149,366.8,2.26,flat
4520,28.6106,306,149,367.4,2.51,flat
4521,28.6152,289,148,367.6,2.81,flat
4522,28.6199,347,149,368.2,3.01,climb
4523,28.6244,347,149,368.8,3.31,climb
4524,28.6289,352,149,369.2,3.5,climb
4525,28.6333,352,149,369.6,3.75,climb
4526,28.6376,359,149,370.0,3.88,climb
4527,28.6417,359,149,370.4,3.95,climb
4528,28.6458,374,150,371.2,4.03,climb
4529,28.65,374,150,371.4,4.05,climb
4530,28.6543,368,150,371.6,4.07,climb
4531,28.6585,415,151,372.0,4.08,climb
4532,28.6629,415,151,372.8,4.17,climb
4533,28.6672,407,151,373.2,4.19,climb
4534,28.6716,418,152,373.6,4.22,climb
4535,28.676,393,152,374.0,4.25,climb
4536,28.6806,381,152,374.6,4.34,climb
4537,28.6851,380,153,374.8,4.43,climb
4538,28.6898,403,154,375.4,4.53,climb
4539,28.6944,371,154,375.6,4.57,climb
4540,28.6992,371,154,376.0,4.67,climb
4541,28.704,343,154,376.2,4.7,climb
4542,28.7089,347,155,376.8,4.85,climb
4543,28.7138,340,155,377.0,5.01,climb
4544,28.7186,264,156,377.6,5.03,climb
4545,28.7234,232,156,378.0,5.05,climb
4546,28.7282,200,157,378.4,5.12,climb
4547,28.733,187,157,378.6,5.19,climb
4548,28.7379,165,157,379.0,5.26,climb
4549,28.7429,180,157,379.2,5.25,climb
4550,28.7482,192,158,379.6,5.04,climb
4551,28.7537,159,158,379.8,5.02,climb
4552,28.7595,148,158,380.2,4.88,climb
4553,28.7655,160,158,380.2,4.73,climb
4554,28.7716,158,158,380.4,4.64,climb
4555,28.778,186,158,380.4,4.49,climb
4556,28.7845,154,158,380.6,4.4,climb
4557,28.7909,166,158,380.6,4.3,climb
4558,28.7973,176,158,380.6,4.09,climb
4559,28.8036,198,158,380.6,4.05,climb
4560,28.8096,209,158,380.6,4.02,climb
4561,28.8158,208,157,380.6,3.93,climb
4562,28.8217,194,157,380.8,3.66,climb
4563,28.8277,222,157,380.8,3.57,climb
4564,28.8336,192,157,380.8,3.42,climb
4565,28.8394,217,157,380.8,3.28,climb
4566,28.8452,231,157,381.0,3.08,climb
4567,28.8511,226,157,381.2,3.0,flat
4568,28.8569,214,157,381.4,2.75,flat
4569,28.8626,227,157,381.4,2.67,flat
4570,28.8684,228,157,381.6,2.49,flat
4571,28.8741,230,157,381.6,2.42,flat
4572,28.8796,226,157,382.0,2.24,flat
4573,28.885,228,157,382.4,2.17,flat
4574,28.8904,252,157,382.4,1.99,flat
4575,28.8958,240,157,382.4,1.87,flat
4576,28.9013,291,157,382.6,1.75,flat
4577,28.9068,320,157,382.8,1.69,flat
4578,28.9123,311,157,383.0,1.58,flat
4579,28.918,331,157,383.2,1.62,flat
4580,28.9238,314,157,383.2,1.51,flat
4581,28.9297,250,157,383.4,1.51,flat
4582,28.9356,280,157,383.6,1.4,flat
4583,28.9418,263,158,383.8,1.39,flat
4584,28.9479,253,158,384.0,1.34,flat
4585,28.9542,204,158,384.0,1.39,flat
4586,28.9605,184,158,384.2,1.33,flat
4587,28.967,166,158,384.4,1.38,flat
4588,28.9737,174,158,384.6,1.37,flat
4589,28.9805,143,158,384.8,1.36,flat
4590,28.9875,149,158,385.0,1.35,flat
4591,28.9945,148,157,385.2,1.34,flat
4592,29.0016,150,157,385.2,1.23,flat
4593,29.0089,137,157,385.4,1.16,flat
4594,29.0162,133,157,385.4,1.01,flat
4595,29.0236,144,157,385.4,0.95,flat
4596,29.0311,165,157,385.4,0.66,flat
4597,29.0385,154,157,385.4,0.51,flat
4598,29.046,172,157,385.2,0.28,flat
4599,29.0534,177,157,385.2,0.14,flat
4600,29.0607,231,157,385.0,-0.09,flat
4601,29.0681,200,157,385.0,-0.18,flat
4602,29.0755,196,156,385.0,-0.45,flat
4603,29.0829,213,156,385.0,-0.57,flat
4604,29.0902,157,156,385.0,-0.7,flat
4605,29.0974,179,156,385.0,-0.78,flat
4606,29.1045,206,156,385.0,-0.86,flat
4607,29.1115,195,156,385.0,-0.9,flat
4608,29.1185,193,156,385.0,-1.06,flat
4609,29.1253,194,155,385.4,-1.14,flat
4610,29.1322,180,155,385.4,-1.18,flat
4611,29.139,195,155,385.6,-1.25,flat
4612,29.1459,198,155,385.6,-1.33,flat
4613,29.1529,157,155,385.6,-1.36,flat
4614,29.16,133,155,385.6,-1.44,flat
4615,29.1674,113,155,385.8,-1.47,flat
4616,29.1751,32,155,385.8,-1.59,flat
4617,29.1832,32,154,386.0,-1.66,flat
4618,29.1917,51,154,386.0,-1.73,flat
4619,29.2007,76,154,386.0,-1.81,flat
4620,29.2099,73,153,386.0,-1.88,flat
4621,29.2196,15,153,386.0,-1.92,flat
4622,29.2297,6,152,385.8,-1.96,flat
4623,29.2402,6,152,385.6,-2.0,flat
4624,29.2508,1,151,385.0,-2.01,flat
4625,29.2616,1,150,384.8,-2.01,flat
4626,29.2725,1,150,383.8,-1.97,flat
4627,29.2835,0,149,383.4,-1.97,flat
4628,29.2931,0,148,382.6,-1.85,flat
4629,29.3025,0,148,382.0,-1.81,flat
4630,29.3114,0,147,381.2,-1.73,flat
4631,29.3203,10,146,380.8,-1.69,flat
4632,29.329,27,146,380.0,-1.69,flat
4633,29.3377,27,144,379.8,-1.65,flat
4634,29.3465,27,143,379.2,-1.61,flat
4635,29.3553,107,142,378.8,-1.61,flat
4636,29.3642,102,142,378.6,-1.56,flat
4637,29.3731,73,141,378.6,-1.52,flat
4638,29.3821,71,141,378.0,-1.48,flat
4639,29.3909,65,141,377.8,-1.52,flat
4640,29.3998,49,140,377.6,-1.48,flat
4641,29.4086,0,139,377.4,-1.52,flat
4642,29.4175,0,138,377.2,-1.44,flat
4643,29.4262,0,136,377.2,-1.45,flat
4644,29.4349,0,134,377.0,-1.41,flat
4645,29.4437,27,133,376.8,-1.41,flat
4646,29.4526,142,133,376.4,-1.29,flat
4647,29.4615,137,134,376.2,-1.21,flat
4648,29.4702,109,134,376.0,-1.13,flat
4649,29.4786,150,134,375.8,-1.05,flat
4650,29.4864,198,134,375.6,-1.02,flat
4651,29.4938,195,133,375.6,-0.98,flat
4652,29.5009,251,134,375.4,-0.94,flat
4653,29.5078,133,133,375.4,-0.87,flat
4654,29.5146,161,133,375.4,-0.75,flat
4655,29.5215,278,133,375.4,-0.71,flat
4656,29.5287,299,133,375.6,-0.51,flat
4657,29.536,275,134,375.6,-0.38,flat
4658,29.5434,266,134,376.0,-0.17,flat
4659,29.551,266,134,376.2,0.04,flat
4660,29.5584,239,135,376.4,0.22,flat
4661,29.5658,265,135,376.6,0.39,flat
4662,29.5732,303,136,376.6,0.57,flat
4663,29.5807,283,136,376.8,0.7,flat
4664,29.5882,258,137,377.0,0.89,flat
4665,29.5957,244,138,377.0,1.07,flat
4666,29.6031,243,138,377.2,1.18,flat
4667,29.6105,270,138,377.4,1.28,flat
4668,29.6178,302,139,377.6,1.48,flat
4669,29.6249,336,140,377.8,1.64,flat
4670,29.6317,362,140,378.0,1.76,flat
4671,29.6382,331,141,378.0,1.93,flat
4672,29.6446,381,142,378.4,2.05,flat
4673,29.6511,376,142,378.4,2.17,flat
4674,29.6576,395,143,378.6,2.24,flat
4675,29.6644,375,144,378.8,2.35,flat
4676,29.6715,344,144,379.4,2.46,flat
4677,29.6788,294,145,380.0,2.53,flat
4678,29.6866,325,146,380.4,2.58,flat
4679,29.6945,307,146,380.8,2.53,flat
4680,29.7025,317,147,381.0,2.47,flat
4681,29.7104,238,148,381.2,2.32,flat
4682,29.7182,235,148,381.2,2.26,flat
4683,29.7257,253,149,381.4,2.05,flat
4684,29.7332,256,149,381.4,1.94,flat
4685,29.7404,210,150,381.4,1.54,flat
4686,29.7474,199,150,381.4,1.34,flat
4687,29.7544,266,150,381.6,1.14,flat
4688,29.7612,231,150,381.8,0.98,flat
4689,29.7678,241,151,382.2,0.74,flat
4690,29.7742,294,151,382.2,0.64,flat
4691,29.7805,278,151,382.6,0.49,flat
4692,29.7867,271,151,382.6,0.39,flat
4693,29.7926,225,151,383.0,0.25,flat
4694,29.7977,212,151,383.2,0.2,flat
4695,29.8023,113,151,383.6,0.1,flat
4696,29.8064,71,151,383.8,0.05,flat
4697,29.8102,86,151,384.2,-0.05,flat
4698,29.8136,0,152,384.4,-0.1,flat
4699,29.8167,0,151,384.8,-0.15,flat
4700,29.8195,0,151,385.0,-0.2,flat
4701,29.8226,0,151,385.4,-0.2,flat
4702,29.8264,0,151,385.6,-0.3,flat
4703,29.8315,7,151,386.0,-0.3,flat
4704,29.8374,0,150,386.0,-0.35,flat
4705,29.844,0,150,386.2,-0.41,flat
4706,29.8508,0,150,386.2,-0.56,flat
4707,29.8575,0,149,386.2,-0.76,flat
4708,29.8652,0,149,386.2,-0.87,flat
4709,29.8735,17,148,385.8,-0.98,flat
4710,29.8825,0,148,385.4,-1.09,flat
4711,29.8911,0,147,384.8,-1.14,flat
4712,29.8991,0,147,384.4,-1.25,flat
4713,29.9074,0,146,383.6,-1.31,flat
4714,29.9158,0,145,383.2,-1.37,flat
4715,29.9242,15,145,381.6,-1.48,flat
4716,29.9327,0,144,381.0,-1.65,flat
4717,29.941,0,143,380.2,-1.82,flat
4718,29.9495,0,142,380.0,-1.99,flat
4719,29.9577,6,141,379.2,-2.22,flat
4720,29.9656,0,140,379.0,-2.46,flat
4721,29.9734,0,139,378.6,-2.7,flat
4722,29.9807,0,137,378.2,-2.96,flat
4723,29.9878,0,136,377.8,-3.21,descent
4724,29.9945,0,135,377.8,-3.46,descent
4725,30.0009,0,133,377.4,-3.7,descent
4726,30.0071,0,132,377.4,-3.89,descent
4727,30.0131,0,131,377.2,-4.07,descent
4728,30.0188,0,130,377.2,-4.27,descent
4729,30.0245,0,128,377.2,-4.4,descent
4730,30.0302,0,125,377.2,-4.55,descent
4731,30.0359,0,123,377.2,-4.77,descent
4732,30.0415,0,121,377.2,-4.88,descent
4733,30.0472,0,119,377.2,-5.08,descent
4734,30.0529,0,118,377.2,-5.17,descent
4735,30.059,0,117,377.2,-5.34,descent
4736,30.0652,0,116,377.2,-5.46,descent
4737,30.0717,0,115,377.0,-5.58,descent
4738,30.0779,0,113,377.0,-5.72,descent
4739,30.0837,0,112,377.0,-5.75,descent
4740,30.0894,0,111,376.8,-5.79,descent
4741,30.0956,7,109,376.8,-5.75,descent
4742,30.1015,0,109,376.4,-5.78,descent
4743,30.1071,0,109,376.4,-5.65,descent
4744,30.1123,0,108,376.2,-5.68,descent
4745,30.1181,0,107,375.8,-5.21,descent
4746,30.1236,0,106,375.2,-5.14,descent
4747,30.1285,0,105,374.8,-4.97,descent
4748,30.1328,0,103,374.4,-5.08,descent
4749,30.1367,0,103,374.0,-4.89,descent
4750,30.1399,0,103,373.2,-4.98,descent
4751,30.1428,0,104,372.8,-4.98,descent
4752,30.1454,0,106,372.0,-4.96,descent
4753,30.148,0,108,371.6,-4.93,descent
4754,30.1508,0,109,371.0,-5.13,descent
4755,30.1536,0,110,370.6,-5.08,descent
4756,30.1563,0,110,370.2,-5.28,descent
4757,30.1587,0,109,370.0,-5.36,descent
4758,30.1605,0,109,369.6,-5.57,descent
4759,30.1623,0,108,369.6,-5.81,descent
4760,30.1623,0,108,369.4,-6.06,descent
4761,30.1623,0,108,369.2,-6.33,descent
